id,domain,status,purchase_price,renewal_price,attractiveness,demand,length,registrar,created_at,expires_at,status_verified_at
2691991b-80d4-41b5-933f-62271d626a72,sketches.plumbing,available,8.24,58.19,medium,low,8,porkbun,,,28/09/2026 23:25
d703d451-6eda-430e-82dd-076f5ebb3b84,aunt.plumbing,available,72.99,72.99,high,low,4,namesilo,,,28/09/2026 23:17
f0af79e3-74ff-4166-9351-5ae6ad90aaa7,sultry.plumbing,available,14.99,94.99,high,low,6,name.com,,,10/09/2026 20:31
e541439f-be4c-445b-925d-651b74810253,anseres.plumbing,available,76.98,89.98,medium,low,7,namecheap,,,19/09/2026 12:08
8f0d8c23-17db-4d11-8837-6088a4d85d9c,lifelike.plumbing,available,14.99,94.99,high,low,8,name.com,,,23/08/2026 01:41
b159d384-efb6-4dbd-90db-df2a5dbcc4a9,recognition.plumbing,available,72.99,72.99,high,low,11,namesilo,,,27/09/2026 06:58
5b5fbc6a-7fa1-4401-a255-394638d8a358,manchurian.plumbing,available,14.99,94.99,high,low,10,name.com,,,24/08/2026 14:34
a330c3d0-bf85-46ad-89e6-fd38eb8f3729,lethal.plumbing,available,14.99,94.99,high,low,6,name.com,,,23/08/2026 00:26
8ca10eb9-6f99-45ca-9376-ba6aba900b02,utc.plumbing,available,72.99,72.99,medium,low,3,namesilo,,,28/09/2026 09:27
dcad7fb3-e94b-4b23-a7d1-b29f908f2e6c,nonfat.plumbing,available,14.99,94.99,medium,low,6,name.com,,,17/08/2026 23:23
bff7546e-70f5-4241-857a-1129a58748d5,paneled.plumbing,available,14.99,94.99,medium,low,7,name.com,,,05/09/2026 00:50
fce20816-fa1e-4294-b46c-c647c247fd9e,venter.plumbing,available,72.99,72.99,medium,low,6,namesilo,,,16/09/2026 14:46
ff2f2e56-f107-425e-ab1a-8084917a4978,rickety.plumbing,available,14.99,94.99,medium,low,7,name.com,,,13/08/2026 20:34
b5d7ec9f-37b5-4893-a62a-610222fe3d80,tactically.plumbing,available,72.99,72.99,medium,low,10,namesilo,,,16/09/2026 07:46
06588f04-06ab-4473-9ea9-027d2ccc3475,marrying.plumbing,available,56.2,56.2,high,low,8,cloudflare,,,27/09/2026 17:47
a9da146e-c197-4e9c-919f-a2807c44039d,lash.plumbing,available,56.2,56.2,high,low,4,cloudflare,,,30/09/2026 17:16
86c69f5d-efeb-4fe6-996c-4f68ce0df75b,constants.plumbing,available,72.99,72.99,medium,low,9,namesilo,,,21/09/2026 01:13
e43aefce-59ab-4fda-adfb-37d0806a9584,glib.plumbing,available,14.99,94.99,medium,low,4,name.com,,,20/08/2026 14:26
9d97936f-776a-4b29-9302-a12b8b0c99b7,whisper.plumbing,available,72.99,72.99,high,low,7,namesilo,,,13/09/2026 11:38
1eda1dc4-c090-4e21-85c2-92b4ddccc6d9,witte.plumbing,available,58.16,58.16,medium,low,5,spaceship,,,30/09/2026 12:35
489efdba-30a2-4d32-8040-9b0a96e5e3b3,inconvenient.plumbing,available,72.99,72.99,medium,low,12,namesilo,,,01/10/2026 05:50
fd5addb2-8b30-46e9-85fd-f15b7168d55c,convivial.plumbing,available,14.99,94.99,high,low,9,name.com,,,12/08/2026 23:53
ff5033e5-ef2d-49a1-8e4a-24a1b66a9982,whimsical.plumbing,available,72.99,72.99,high,low,9,namesilo,,,13/09/2026 11:24
3ccc31b7-5f36-470b-9ee6-4946f224ca53,ripper.plumbing,available,72.99,72.99,medium,low,6,namesilo,,,01/10/2026 03:30
f2648446-4aa6-42e9-82ca-3b212b29c308,lunchtime.plumbing,available,58.16,58.16,high,low,10,spaceship,,,01/10/2026 20:24
edd6172c-0aef-423b-a3ac-f7885b44e10c,unlined.plumbing,available,72.99,72.99,medium,low,7,namesilo,,,12/09/2026 14:54
2c8822b3-686b-4b1b-bfb4-59c6f92d6fd4,aged.plumbing,available,72.99,72.99,high,low,4,namesilo,,,21/09/2026 22:26
b6bbbddb-cc22-4d23-b1d8-1e0766a409a3,dan.plumbing,available,72.99,72.99,high,medium,3,namesilo,,,25/09/2026 11:18
352dd825-9ca4-4a3d-9b95-58e5ac74326c,apiarist.plumbing,available,76.98,89.98,medium,low,8,namecheap,,,19/09/2026 17:19
bd48f775-2f24-4c25-b716-74a2d7878f86,amaterasu.plumbing,available,72.99,72.99,medium,low,9,namesilo,,,18/09/2026 16:05
531e4583-0580-484f-b1df-1870c3548bfc,medici.plumbing,available,76.98,89.98,high,low,6,namecheap,,,25/09/2026 23:33
4ef85a23-cd38-4894-b0c1-6c87f2276dab,girl.plumbing,available,56.2,56.2,high,low,4,cloudflare,,,29/09/2026 13:16
622a3957-7074-488f-bf0b-4010b8708410,trudy.plumbing,available,56.2,56.2,medium,low,5,cloudflare,,,30/09/2026 21:14
1c2e3fd6-27eb-41d5-85ea-33aa644d59a8,fittest.plumbing,available,72.99,72.99,high,low,7,namesilo,,,18/09/2026 04:12
ef58bbff-830f-4655-a4fd-d615c8950732,lendable.plumbing,available,14.99,94.99,medium,low,8,name.com,,,22/08/2026 23:35
d7a9ace5-79f9-4f20-83f5-e4761f1d4778,tackle.plumbing,available,58.16,58.16,high,low,6,spaceship,,,28/09/2026 05:46
43761502-f0a8-442f-b620-50b0804d8538,wheeler.plumbing,available,72.99,72.99,high,low,7,namesilo,,,23/09/2026 13:27
fbe40fb4-e6bb-44be-bd85-3d1f2f621b40,ottoman.plumbing,available,72.99,72.99,high,low,7,namesilo,,,04/09/2026 18:38
5ddd98ac-2dfb-4702-991c-827c5e50d9f3,overstated.plumbing,available,14.99,94.99,medium,low,10,name.com,,,17/08/2026 15:36
620a1281-591b-43cf-915f-b5270da92fc3,auxesis.plumbing,available,72.99,72.99,medium,low,7,namesilo,,,21/09/2026 08:33
d182ed1b-833a-45dd-a459-cb11cfded8c7,premium.plumbing,available,72.99,72.99,high,medium,7,namesilo,,,27/09/2026 05:00
5ac98858-01a0-4785-9b73-f70e0f0ca983,duke.plumbing,available,72.99,72.99,high,medium,4,namesilo,,,29/09/2026 17:06
d4a6a43d-3878-4d4c-bc83-489e32306ad0,abelard.plumbing,available,76.98,89.98,medium,low,7,namecheap,,,16/09/2026 14:59
af30443a-e4e3-4028-9606-b88564f4491b,aquaphobia.plumbing,available,76.98,89.98,medium,low,10,namecheap,,,19/09/2026 22:59
835b487d-a119-4c08-82dc-3d8a6d1c71ff,stagy.plumbing,available,76.98,89.98,medium,low,5,namecheap,,,10/09/2026 18:04
e1908264-dab7-45a0-86a3-14be0db67186,bellini.plumbing,available,72.99,72.99,high,low,7,namesilo,,,23/09/2026 06:15
164a3cdb-0ab4-4e6a-90f6-89ac5c24ddce,bbl.plumbing,available,76.98,89.98,high,low,3,namecheap,,,22/09/2026 18:32
f86f6aaf-f1c4-4240-9c39-da9aecb3f2a8,drums.plumbing,available,72.99,72.99,medium,low,5,namesilo,,,18/09/2026 11:40
94ff496c-3223-4e89-8e07-b222a7567894,newell.plumbing,available,56.2,56.2,high,low,6,cloudflare,,,27/09/2026 18:17
abce4b47-031a-443a-a32d-2d1f6af3afeb,ratty.plumbing,available,14.99,94.99,medium,low,5,name.com,,,25/08/2026 06:53
91789f19-aa58-43a3-b95b-c87ec9678eed,broiled.plumbing,available,14.99,94.99,medium,low,7,name.com,,,11/08/2026 05:19
3bc4193f-d30a-4a02-b099-4d9f5f0f9689,costumed.plumbing,available,14.99,94.99,medium,low,8,name.com,,,13/08/2026 03:18
765d2177-255f-4de3-ad15-745e9e5aa869,binghamton.plumbing,available,76.98,89.98,medium,low,10,namecheap,,,23/09/2026 17:34
1d678774-6f47-40c6-9e43-5f6a366992b8,redmond.plumbing,available,72.99,72.99,medium,low,7,namesilo,,,28/09/2026 11:41
f7506faf-f589-4251-883a-606adb89591f,bending.plumbing,available,72.99,72.99,medium,low,7,namesilo,,,23/09/2026 07:44
875582a9-46dd-461c-ba51-80b803eb8c09,embarked.plumbing,available,56.2,56.2,medium,low,8,cloudflare,,,02/10/2026 02:37
09fa895d-62f1-4a81-8536-dde1704f5e05,maghreb.plumbing,available,58.16,58.16,medium,low,7,spaceship,,,01/10/2026 20:27
aa87e4c6-4c3c-48f2-82ed-0b2de8cd4d57,viciously.plumbing,available,14.99,94.99,medium,low,9,name.com,,,14/09/2026 01:35
87e52075-fc1c-430f-8e9a-4fc63744c5c6,barbary.plumbing,available,72.99,72.99,medium,low,7,namesilo,,,22/09/2026 04:32
a255b01a-ec60-4dbe-a77e-363e0a40ec7a,homotopy.plumbing,available,58.16,58.16,medium,low,8,spaceship,,,01/10/2026 01:08
0bb72c09-cdba-4a54-bd40-67f24b136a0a,andersen.plumbing,available,72.99,72.99,high,low,8,namesilo,,,19/09/2026 04:01
c284e97b-887a-4401-9044-5d6f3f10b6f2,pintail.plumbing,available,76.98,89.98,medium,low,7,namecheap,,,19/09/2026 02:52
eaac68dc-92a6-44f2-8c92-3233df01f0bc,diocesan.plumbing,available,14.99,94.99,medium,low,8,name.com,,,14/08/2026 08:18
1352e840-ee4a-4ab9-b40a-3e3fae17a5fb,ignited.plumbing,available,14.99,94.99,high,low,7,name.com,,,17/08/2026 09:20
406d3cb9-7fc4-4ded-a98e-20f6dc4372e1,channels.plumbing,available,8.24,60.14,high,low,8,dynadot,,,29/09/2026 08:04
df908407-7b88-41ad-9881-51a93c672e2c,postsecondary.plumbing,available,72.99,72.99,medium,low,13,namesilo,,,30/09/2026 06:10
b0530805-5796-4d0c-8a8e-4399095c0fa9,roland.plumbing,available,56.2,56.2,high,low,6,cloudflare,,,28/09/2026 07:46
59c93bf0-f085-4484-95b2-63d70914a747,sushi.plumbing,available,72.99,72.99,high,low,5,namesilo,,,30/09/2026 12:37
2c6e0bba-0616-4336-9ab0-820c5d6c93ac,gilded.plumbing,available,14.99,94.99,high,low,6,name.com,,,14/08/2026 00:55
23bdee20-b9e0-4095-a44e-65a3dc9fe30f,parke.plumbing,available,72.99,72.99,medium,low,5,namesilo,,,28/09/2026 22:16
86d353e8-bece-47e6-a37b-add0f962977c,monkeys.plumbing,available,72.99,72.99,medium,low,7,namesilo,,,17/09/2026 10:08
6a054eee-8a31-4b29-9f50-90a744c8845f,weeks.plumbing,available,14.99,,medium,low,5,name.com,,,
0ebffb0b-a2f1-4261-b929-a74d9470dc70,waged.plumbing,available,56.2,56.2,low,low,5,cloudflare,,,01/10/2026 18:17
6cad32ba-d9e8-45f9-a232-a75e9c7558c5,mah.plumbing,available,8.24,60.14,high,low,3,dynadot,,,30/09/2026 20:10
8e081542-426b-4a44-b96b-549231815b49,selflessly.plumbing,available,76.98,89.98,high,low,10,namecheap,,,13/09/2026 19:23
1e254104-4d31-4144-8ee9-5935f43485d6,prototypic.plumbing,available,14.99,94.99,medium,low,10,name.com,,,06/08/2026 15:42
5553dc6d-4c30-4220-8936-5112b5923311,rhineland.plumbing,available,58.16,58.16,medium,low,9,spaceship,,,29/09/2026 13:52
106309fe-e25f-4bdc-8f02-3359aab2be4a,nookie.plumbing,available,14.99,94.99,medium,low,6,name.com,,,18/08/2026 17:31
24a3c9b9-132d-41f4-9691-6f7c69300767,bachelor.plumbing,available,76.98,89.98,high,low,8,namecheap,,,29/09/2026 00:12
bc24d5a7-9618-49f4-8034-14a5b50b7261,inexpensive.plumbing,available,72.99,72.99,high,low,11,namesilo,,,01/10/2026 01:44
b39cfe48-d1ca-49c0-8295-681860faacb0,foia.plumbing,available,56.2,56.2,high,low,4,cloudflare,,,30/09/2026 11:49
e45f05d6-5b42-48eb-95d2-f5117c032c45,pawn.plumbing,available,8.24,60.14,high,low,4,dynadot,,,28/09/2026 18:36
700f763a-d5f0-49fa-8204-f511b6cd0df6,vex.plumbing,available,72.99,72.99,medium,low,3,namesilo,,,21/09/2026 17:27
b90fa6e5-2b60-484a-9f89-b9061b661bb9,nuclei.plumbing,available,14.99,94.99,medium,low,6,name.com,,,
7e2d3739-56d0-4625-88da-829230423a7c,unsettled.plumbing,available,76.98,89.98,medium,low,9,namecheap,,,12/09/2026 19:22
68382147-bbfe-4af1-ab4d-4bf993b17704,chuck.plumbing,available,72.99,72.99,high,low,5,namesilo,,,08/09/2026 10:16
9b4c7196-97d3-4549-8a11-2b22e70fb342,speedily.plumbing,available,76.98,89.98,medium,low,8,namecheap,,,13/09/2026 20:19
663a3066-0e31-4272-bddf-62bbd514d9a4,beckley.plumbing,available,76.98,89.98,medium,low,7,namecheap,,,22/09/2026 22:43
1058fe3d-f31c-45be-8f3f-17848d7fa164,guru.plumbing,available,58.16,58.16,high,low,4,spaceship,,,29/09/2026 13:00
2582be53-d1d8-4639-8547-2c88a354b724,luisa.plumbing,available,56.2,56.2,medium,low,5,cloudflare,,,29/09/2026 05:31
e20cb018-843e-44a1-b3da-1b58096a21a3,consecrate.plumbing,available,14.99,94.99,high,low,10,name.com,,,12/08/2026 22:25
c1a9977e-592c-478e-9366-9f84ded6d1ba,unstaged.plumbing,available,76.98,89.98,medium,low,8,namecheap,,,12/09/2026 20:29
c0dc1a12-0b2d-4956-8669-fe364ef40061,atresia.plumbing,available,72.99,72.99,medium,low,7,namesilo,,,21/09/2026 00:42
d44c5662-8adb-4445-be4b-de6513deeed0,alir.plumbing,available,14.99,94.99,medium,low,4,name.com,,,17/08/2026 22:11
e26a4bd8-9325-4884-aeaf-a843abb4ec9e,impotent.plumbing,available,14.99,94.99,medium,low,8,name.com,,,21/08/2026 22:52
f7bc76d5-8999-4ea3-8b71-88664e714c92,languages.plumbing,available,14.99,94.99,medium,low,9,name.com,,,
1ab96cf9-f6c1-426b-aea0-c623e1083232,heavenly.plumbing,available,14.99,94.99,high,low,8,name.com,,,11/08/2026 23:21
6baa72fc-31bd-4075-b33a-7576e1e4bb24,motherlike.plumbing,available,14.99,94.99,medium,low,10,name.com,,,25/08/2026 07:04
c23ae6a8-b991-4b5f-8ad6-46cf3fa63fbc,nadia.plumbing,available,72.99,72.99,medium,low,5,namesilo,,,28/09/2026 22:03
aa3ead94-b3a7-424d-b675-410f74fedd34,swingy.plumbing,available,14.99,94.99,medium,low,6,name.com,,,23/08/2026 09:29
2f33202b-71e7-4d9b-8e6f-0d652b0b76f0,candour.plumbing,available,72.99,72.99,high,low,7,namesilo,,,24/09/2026 12:03
eee113d2-dc84-4cff-9514-526f4423d59b,chestnuts.plumbing,available,72.99,72.99,medium,low,9,namesilo,,,20/09/2026 20:45
5010ea9c-a749-4144-b4bc-d6beeb677b05,waning.plumbing,available,72.99,72.99,medium,low,6,namesilo,,,13/09/2026 08:04
b4bcb73a-f6d6-4898-9036-a9c7f4bc9385,appendix.plumbing,available,76.98,89.98,high,low,8,namecheap,,,19/09/2026 20:40
7223b3d0-6de3-4f66-94b5-4d649ab3c324,buckets.plumbing,available,58.16,58.16,medium,low,7,spaceship,,,30/09/2026 15:47
31d297f6-9429-49a3-9926-e943068d9d45,begging.plumbing,available,72.99,72.99,medium,low,7,namesilo,,,23/09/2026 02:16
b39980d4-54fa-4b62-8868-345d9735aa86,poa.plumbing,available,72.99,72.99,high,low,3,namesilo,,,01/10/2026 19:46
63749553-705f-4f4c-9512-a74a55b8d47c,rectify.plumbing,available,72.99,72.99,high,low,7,namesilo,,,23/09/2026 23:41
1aab9eb6-b1d9-4bdb-bef5-57438d0411b4,sullen.plumbing,available,14.99,94.99,medium,low,6,name.com,,,20/08/2026 15:06
a647f3b6-6077-4530-acf4-e70562a881ad,gaunt.plumbing,available,14.99,94.99,medium,low,5,name.com,,,10/08/2026 18:54
09148f72-e720-49e3-ae5f-61fd80f29498,causally.plumbing,available,72.99,72.99,medium,low,8,namesilo,,,14/09/2026 06:01
f974d1d0-5609-48c7-9ebb-e8970913e55f,mohammedan.plumbing,available,14.99,94.99,medium,low,10,name.com,,,25/08/2026 03:23
8faf7615-5999-4a6c-a8b1-c7bf3fd45f1b,stannic.plumbing,available,72.99,72.99,low,low,7,namesilo,,,10/09/2026 18:41
37c2e02d-772e-498a-975f-018e95e51bfe,tokugawa.plumbing,available,72.99,72.99,low,low,8,namesilo,,,28/09/2026 09:08
4a0bcd91-c124-4bc7-97dd-883363abafcb,healed.plumbing,available,14.99,94.99,high,low,6,name.com,,,13/08/2026 11:04
4847984c-d2bb-459d-9d73-2a9e785d6774,paranoiac.plumbing,available,72.99,72.99,medium,low,9,namesilo,,,08/09/2026 01:08
fce5ee35-eec1-44e5-b182-0a136aa28fa8,umar.plumbing,available,58.16,58.16,high,low,4,spaceship,,,29/09/2026 11:35
963388ee-37ff-4fe5-9c4e-94997b380c74,bastards.plumbing,available,72.99,72.99,medium,low,8,namesilo,,,29/09/2026 11:17
6d32698a-1fe0-47e9-9019-e05cdba94ae6,establishing.plumbing,available,58.16,58.16,high,low,12,spaceship,,,29/09/2026 21:01
1bd4fd05-557b-4538-9da2-d9530353d183,powell.plumbing,available,76.98,89.98,high,low,6,namecheap,,,25/09/2026 04:09
39f01638-8d39-4a4f-8cd9-d1ab431afa00,motown.plumbing,available,72.99,72.99,high,low,6,namesilo,,,29/09/2026 06:38
f2c44aac-7559-44b6-8733-7e8c3cc62eb3,bawd.plumbing,available,14.99,94.99,medium,low,4,name.com,,,13/08/2026 14:22
457c5b92-7e03-400d-9120-a54445efac18,wheel.plumbing,available,76.98,89.98,high,low,5,namecheap,,,27/09/2026 03:13
67723060-280f-45c3-ac13-43b57387a54f,oven.plumbing,available,58.16,58.16,high,low,4,spaceship,,,28/09/2026 06:32
26b97209-57fd-4525-afcf-78285370541e,redeem.plumbing,available,72.99,72.99,high,low,6,namesilo,,,30/09/2026 02:39
7eedf53d-847c-4397-b327-ea2b7017e0ab,bernstein.plumbing,available,76.98,89.98,high,low,9,namecheap,,,23/09/2026 10:01
a2448db8-d2b4-404c-8266-a22c4b246375,fuze.plumbing,available,72.99,72.99,high,low,4,namesilo,,,01/10/2026 19:40
5bc09e6f-0852-4774-a3a6-3cc5052726f4,velar.plumbing,available,72.99,72.99,medium,low,5,namesilo,,,13/09/2026 01:59
206f2eab-daed-42ff-90eb-41d5dde6abc2,roaring.plumbing,available,14.99,94.99,high,low,7,name.com,,,10/08/2026 19:21
003751ea-990b-4fef-a84a-6577ba801877,gelatinous.plumbing,available,14.99,94.99,medium,low,10,name.com,,,18/08/2026 21:01
7fc94f6f-c43d-451c-aba5-88515d8c9280,suits.plumbing,available,72.99,72.99,high,low,5,namesilo,,,18/09/2026 12:41
0087ec60-9a8a-4aef-a41b-47c8b7fc990f,airmailer.plumbing,available,76.98,89.98,medium,low,9,namecheap,,,17/09/2026 23:15
5912186e-58b6-46e6-bee6-645059b655bd,wessex.plumbing,available,58.16,58.16,medium,low,6,spaceship,,,29/09/2026 08:19
7289bbb0-da4f-48cd-8815-522c1fd1f4ff,lublin.plumbing,available,58.16,58.16,medium,low,6,spaceship,,,28/09/2026 19:44
34291e83-4457-4f40-951f-f6f6236b9035,resister.plumbing,available,72.99,72.99,medium,low,8,namesilo,,,17/09/2026 10:48
49f6a308-7f3a-4077-958e-1f176a4fcd7a,thirteen.plumbing,available,72.99,72.99,high,low,8,namesilo,,,21/09/2026 11:32
ca2ce71e-aaed-4649-bbf0-c6adadec11be,inherently.plumbing,available,72.99,72.99,medium,low,10,namesilo,,,15/09/2026 08:20
e52b241b-c492-4004-95ef-30dc29e23698,brownie.plumbing,available,56.2,56.2,high,low,7,cloudflare,,,29/09/2026 04:38
deb690fe-465e-4221-ba8a-8a324bdc5f02,unproven.plumbing,available,72.99,72.99,medium,low,8,namesilo,,,12/09/2026 17:33
60aa8ffe-84eb-4c3d-9d0e-cb09f98577b6,underarm.plumbing,available,72.99,72.99,medium,low,8,namesilo,,,12/09/2026 07:21
2ad2a073-9f0d-465f-a521-026a1cd58f7d,wakening.plumbing,available,58.16,58.16,high,low,8,spaceship,,,28/09/2026 23:37
938bbea5-67d1-4513-8e58-50fc2d648206,families.plumbing,available,14.99,,high,low,8,name.com,,,
acddf7be-643a-4167-80a8-157cf812c34a,ersatz.plumbing,available,14.99,94.99,medium,low,6,name.com,,,17/08/2026 13:03
29abea80-0a7f-476c-bf71-cafcf73e0276,mak.plumbing,available,8.24,58.19,high,low,3,porkbun,,,29/09/2026 13:22
c11b56b9-8dfa-47c2-ae00-59ad86276afc,lukewarm.plumbing,available,14.99,94.99,medium,low,8,name.com,,,20/08/2026 22:43
bde9c57d-64bd-4398-8bd5-47fc58f44375,birthday.plumbing,available,56.2,56.2,high,low,8,cloudflare,,,29/09/2026 02:53
e3497526-d439-4487-a122-4124c12c4a66,alternative.plumbing,available,72.99,72.99,high,low,11,namesilo,,,26/09/2026 00:42
07fd8b37-7c81-4bd7-b8a0-435b9dc742ca,ablation.plumbing,available,72.99,72.99,medium,low,8,namesilo,,,16/09/2026 16:05
8c62fe34-f595-494c-94f7-18851f1e68b8,almond.plumbing,available,56.2,56.2,high,low,6,cloudflare,,,28/09/2026 20:40
97328f4c-02e8-46d5-9249-544a7be4e002,parent.plumbing,available,58.16,58.16,high,low,6,spaceship,,,30/09/2026 06:26
73a94705-9839-492a-9934-4577fc6bdc4e,guerra.plumbing,available,72.99,72.99,medium,low,6,namesilo,,,28/09/2026 12:18
9cdc66ce-9713-475f-872b-d68cee85677e,camomile.plumbing,available,72.99,72.99,medium,low,8,namesilo,,,19/09/2026 13:02
771edd28-7477-4dc6-8921-d733628a0257,vows.plumbing,available,72.99,72.99,medium,low,4,namesilo,,,28/09/2026 04:45
af6939a6-a83e-4f9b-80eb-29fdb4ec0efe,gaffer.plumbing,available,14.99,94.99,medium,low,6,name.com,,,
261e279b-68c9-461b-9bba-44d148dd8320,duel.plumbing,available,76.98,89.98,high,low,4,namecheap,,,17/09/2026 14:06
377ace52-f4e5-49c0-b6f3-343e1492c1cc,taal.plumbing,available,14.99,94.99,medium,low,4,name.com,,,
18be9159-7379-45ae-a153-19bbd06777b3,archive.plumbing,available,14.99,94.99,high,medium,7,name.com,,,20/09/2026 02:19
c38365c2-6778-43ec-b704-20fe90f26d2d,glendale.plumbing,premium,109.53,218.86,high,low,8,porkbun,,,01/10/2026 10:33
9c735a18-cecf-4f6d-b28e-7b159e300c1d,misunderstood.plumbing,available,72.99,72.99,medium,low,13,namesilo,,,29/09/2026 02:48
857090f6-084f-48bc-a00b-368d18aabbec,firebird.plumbing,available,72.99,72.99,high,low,8,namesilo,,,22/09/2026 00:21
52db2353-97f1-421e-b88d-4bbf683b52b6,unwashed.plumbing,available,76.98,89.98,medium,low,8,namecheap,,,08/09/2026 21:02
a337d2bc-a2a7-4dc5-b203-93b3dd923e3f,dayton.plumbing,available,8.24,60.14,high,low,6,dynadot,,,30/09/2026 01:15
895d63b2-7e2c-427a-856b-772de51d34d2,conducive.plumbing,available,14.99,94.99,high,low,9,name.com,,,12/08/2026 20:30
d66e112e-f445-4f7b-8699-d23b4f8f4747,differently.plumbing,available,72.99,72.99,medium,low,11,namesilo,,,26/09/2026 03:11
c3871296-ad6d-4679-b86f-dd94c5c88951,hockey.plumbing,available,72.99,72.99,high,low,6,namesilo,,,25/09/2026 22:46
ad17c233-7b93-4f69-b8e0-c7712050f8f1,combining.plumbing,available,56.2,56.2,high,low,9,cloudflare,,,29/09/2026 18:23
c613725a-f6c2-4a1e-aac0-92d8f426dfc2,antido.plumbing,available,72.99,72.99,medium,low,6,namesilo,,,19/09/2026 14:17
9707a927-e202-4b07-969e-0b30e442c68e,glad.plumbing,available,76.98,89.98,high,low,4,namecheap,,,22/09/2026 18:28
4439b901-45f2-49b0-bcdf-65583128a068,bister.plumbing,available,72.99,72.99,medium,low,6,namesilo,,,23/09/2026 22:08
560caa10-783e-4e3d-82a7-51dbeef33193,colony.plumbing,available,72.99,72.99,high,low,6,namesilo,,,27/09/2026 12:41
962a3c5b-69fb-4519-baf8-ad943487340a,anura.plumbing,available,72.99,72.99,medium,low,5,namesilo,,,19/09/2026 15:53
60aa82fb-c910-4256-9714-97dc7753233d,lackluster.plumbing,available,14.99,94.99,medium,low,10,name.com,,,22/08/2026 18:07
033a00b8-e92a-406e-8096-8e39d91f5e7a,bismuth.plumbing,available,72.99,72.99,high,low,7,namesilo,,,20/09/2026 23:53
cdc07918-0f6c-41e1-846c-d84223700168,registers.plumbing,available,58.16,58.16,low,low,9,spaceship,,,01/10/2026 00:08
8cc48559-1213-4df3-879a-471c2efbcd93,aorist.plumbing,available,76.98,89.98,medium,low,6,namecheap,,,19/09/2026 16:03
680a38a5-d76b-4172-8dd8-0eb3496c50aa,grape.plumbing,available,56.2,56.2,high,low,5,cloudflare,,,29/09/2026 08:23
706a7be1-a67e-4d51-ae97-0aa51ff370f3,revd.plumbing,available,76.98,89.98,medium,low,4,namecheap,,,01/10/2026 23:42
f1f0d443-c01b-4118-9f29-5925618f7e87,feminine.plumbing,available,72.99,72.99,high,low,8,namesilo,,,24/09/2026 17:35
dcfaeb1c-a0e4-4b69-8513-0e63e5d7d5e6,apostate.plumbing,available,14.99,94.99,medium,low,8,name.com,,,06/08/2026 03:35
17830db2-c384-4e5d-83b0-2ca380b07ced,worthy.plumbing,available,58.16,58.16,high,low,6,spaceship,,,28/09/2026 11:05
9432e273-7d14-4e2d-a549-f3f35816e5fc,toon.plumbing,available,72.99,72.99,high,low,4,namesilo,,,19/09/2026 09:01
fde1e45c-208d-484d-ba4c-7c1d2548df96,inherent.plumbing,available,72.99,72.99,high,low,8,namesilo,,,23/09/2026 10:30
fe0a7600-a9c0-4b87-b899-5e63bac69293,esthete.plumbing,available,72.99,72.99,medium,low,7,namesilo,,,17/09/2026 13:35
0b7060d7-3401-4588-9494-5b11a00cb305,sleeved.plumbing,available,14.99,94.99,medium,low,7,name.com,,,10/09/2026 10:43
823edcc2-0aec-4e8f-a631-292ceeb74065,pulverized.plumbing,available,14.99,94.99,medium,low,10,name.com,,,18/08/2026 04:41
9aa08639-c65f-4c9c-af65-33d7815e0cca,improve.plumbing,available,76.98,89.98,high,low,7,namecheap,,,30/09/2026 15:00
4b9d3945-6bcc-4aa8-8c0a-1d769bf5284c,newcomer.plumbing,available,14.99,94.99,high,low,8,name.com,,,18/08/2026 07:31
7a510246-08ad-4fdc-976c-c0e4e9aae70a,shell.plumbing,available,,,high,medium,5,,,,
72b3eb61-1f36-46fd-9d1c-d0352e024b9e,rumination.plumbing,available,72.99,72.99,medium,low,10,namesilo,,,03/09/2026 11:31
c3ba2768-4852-4894-ac5a-f1589398f1d4,irvin.plumbing,available,58.16,58.16,medium,low,5,spaceship,,,28/09/2026 16:39
3fdaf5b2-4ed9-447d-8f66-aca75a95d79f,ripple.plumbing,available,72.99,72.99,high,low,6,namesilo,,,12/09/2026 08:34
0e5c492a-0206-4615-a8ec-be87f29de31b,mirage.plumbing,available,72.99,72.99,high,low,6,namesilo,,,29/09/2026 13:27
3252a86d-c0e1-4cba-a742-f8dd195cd8c5,montage.plumbing,available,58.16,58.16,high,low,7,spaceship,,,02/10/2026 04:25
38dbd004-c563-4af9-8fb0-3f8f39e41898,hassium.plumbing,available,72.99,72.99,medium,low,7,namesilo,,,20/09/2026 22:10
da5ee1d3-51e4-41ca-a101-235f69c82f4b,choirs.plumbing,available,72.99,72.99,medium,low,6,namesilo,,,17/09/2026 06:51
674313b9-aefd-47ed-8673-f6a7df12356e,membership.plumbing,available,8.24,60.14,high,low,10,dynadot,,,28/09/2026 06:23
f3b5fc02-ecd9-4138-87d5-7c8a9d074677,taxable.plumbing,available,76.98,89.98,medium,low,7,namecheap,,,03/09/2026 19:07
7185ede8-e0b8-41c3-b813-a5fe75ff6dc2,port.plumbing,available,72.99,72.99,high,low,4,namesilo,,,25/09/2026 13:07
698c93a1-52be-4651-9de1-44bf2ef78b49,beanstalk.plumbing,available,72.99,72.99,high,low,9,namesilo,,,22/09/2026 20:43
ccacfd47-00eb-4d82-81a7-074dd31efcc7,operationally.plumbing,available,56.2,56.2,medium,low,13,cloudflare,,,29/09/2026 17:55
eea69497-7db7-4666-b166-09a4fc5fdb04,exception.plumbing,available,56.2,56.2,high,low,9,cloudflare,,,29/09/2026 18:20
73af2013-3e25-40eb-9dba-8c99a135d7e4,gilding.plumbing,available,14.99,94.99,high,low,7,name.com,,,18/08/2026 23:37
fce637df-2d2b-4c38-9fe4-1c8d66d1f2d0,yersin.plumbing,available,76.98,89.98,medium,low,6,namecheap,,,18/09/2026 05:59
36514dda-eec1-44bf-ae8d-b46e40299eb5,assigning.plumbing,available,14.99,94.99,high,low,9,name.com,,,20/09/2026 16:26
308ce602-265a-4e89-866e-141868453200,choir.plumbing,available,58.16,58.16,high,low,5,spaceship,,,29/09/2026 08:52
5f94dc5c-91a4-412d-bbd8-a5a1c6cdf167,horny.plumbing,available,14.99,94.99,high,low,5,name.com,,,13/08/2026 01:41
b0606598-1cf8-462c-bc9c-afa3a68495e6,masquerade.plumbing,available,58.16,58.16,high,low,10,spaceship,,,30/09/2026 17:17
4381a6a6-0acf-4b65-90ee-9433d4e83de4,entities.plumbing,available,72.99,72.99,medium,low,8,namesilo,,,01/10/2026 14:36
c14c6295-8081-43f1-a15b-4de022454df5,extremist.plumbing,available,14.99,94.99,medium,low,9,name.com,,,17/08/2026 19:32
76fa61b9-69ec-4adb-9d04-5378ad1b5431,courier.plumbing,available,76.98,89.98,high,low,7,namecheap,,,28/09/2026 18:49
6f34af90-fb11-40a8-921c-1a32cded6e25,such.plumbing,available,123.99,123.99,high,low,4,godaddy,,,28/09/2026 01:50
6d0e3354-fdf5-4638-9492-fc382a8059b5,lesser.plumbing,available,14.99,94.99,medium,low,6,name.com,,,23/08/2026 00:24
324d634d-ca26-4073-b81f-cced44fee9c2,shortness.plumbing,available,72.99,72.99,medium,low,9,namesilo,,,16/09/2026 17:27
10b3e48e-c2bc-4705-b86a-271ff63f5f9f,profitless.plumbing,available,72.99,72.99,medium,low,10,namesilo,,,09/09/2026 02:50
5088d87e-1775-4974-bb3a-c425531866c8,milliliter.plumbing,available,14.99,94.99,medium,low,10,name.com,,,11/08/2026 22:53
95898379-7e47-4ef0-a0c6-e60d4d16f70e,rooftop.plumbing,available,56.2,56.2,high,low,7,cloudflare,,,29/09/2026 20:13
f8d6c7ec-0319-42c1-90aa-af310fd5b35c,cherished.plumbing,available,14.99,94.99,high,low,9,name.com,,,12/08/2026 04:13
26dc4c8f-4d25-4928-b87b-8b5c05a96ed3,flexuous.plumbing,available,14.99,94.99,medium,low,8,name.com,,,18/08/2026 08:08
92bb2cac-f1d2-4b33-b07a-796114844647,deserving.plumbing,available,14.99,94.99,high,low,9,name.com,,,14/08/2026 03:29
c0f50d2f-521b-49c2-84a5-532f16d69b41,toiling.plumbing,available,14.99,94.99,medium,low,7,name.com,,,14/08/2026 20:00
4fc0a631-9522-435c-9d73-b1b9007f4e52,queue.plumbing,available,8.24,60.14,high,low,5,dynadot,,,01/10/2026 03:23
3a8cd36d-8680-4429-9d1e-03810e95a3c4,poetical.plumbing,available,72.99,72.99,high,low,8,namesilo,,,08/09/2026 22:34
8e618bd8-472d-469f-90e9-0eb5034d51ce,spitting.plumbing,available,8.24,58.19,medium,low,8,porkbun,,,29/09/2026 08:06
8f171370-2e5f-4094-a2f3-70fdd103d690,opined.plumbing,available,72.99,72.99,low,low,6,namesilo,,,28/09/2026 09:10
336ca7a7-9d38-4dc3-be8e-629197e9b68d,focus.plumbing,available,72.99,72.99,high,medium,5,namesilo,,,19/09/2026 06:53
de8e8d5a-abba-453e-ac79-34fa20fe4256,viable.plumbing,available,14.99,94.99,high,low,6,name.com,,,17/08/2026 16:52
e3291fc1-23b1-4727-b585-03dc9192a038,emmett.plumbing,available,58.16,58.16,medium,low,6,spaceship,,,28/09/2026 08:01
14452b02-a823-45ac-8cdb-88afa69a2afc,sky.plumbing,available,76.98,89.98,high,medium,3,namecheap,,,30/09/2026 06:48
6066920b-c676-460a-ac69-e9141f0eab78,jackfruit.plumbing,available,72.99,72.99,high,low,9,namesilo,,,20/09/2026 11:58
f7fcec64-817f-4f7f-9f88-bfbad78f49ec,damascus.plumbing,available,56.2,56.2,high,low,8,cloudflare,,,29/09/2026 07:02
934de791-3f6a-464a-a4b0-2dd60807d1be,earn.plumbing,available,58.16,58.16,high,low,4,spaceship,,,29/09/2026 20:44
9c3935ec-753c-4212-a704-48195a37ba0e,schizophrenia.plumbing,available,8.24,58.19,medium,low,13,porkbun,,,30/09/2026 06:00
d4ab654e-6120-4f2d-9371-8619deacc22a,demurely.plumbing,available,14.99,94.99,medium,low,8,name.com,,,14/09/2026 11:31
722e78e6-3eda-4db4-8fe4-4acd06b80a93,chittagong.plumbing,available,72.99,72.99,medium,low,10,namesilo,,,30/09/2026 16:42
67422eec-3db6-48b5-9931-c37eff9775f0,rollover.plumbing,available,72.99,72.99,high,low,9,namesilo,,,16/09/2026 17:22
43b88e32-f4c7-4121-a7ff-63539e78d8da,vines.plumbing,available,72.99,72.99,medium,low,5,namesilo,,,29/09/2026 23:04
510b0e08-0ac5-4d1c-80df-4f74f3d62630,afl.plumbing,available,76.98,89.98,high,low,3,namecheap,,,17/09/2026 15:04
1f14791e-7b49-4bc5-ae8d-7969b2236809,lopsided.plumbing,available,14.99,94.99,medium,low,8,name.com,,,07/08/2026 03:41
f98115b4-575e-436c-bb1c-3c3c3f5d116c,patter.plumbing,available,76.98,89.98,high,low,6,namecheap,,,15/09/2026 20:21
cb703f88-0a62-473a-b01f-d46668fe53da,jerusalem.plumbing,available,58.16,58.16,medium,low,9,spaceship,,,28/09/2026 09:14
585ff319-ab24-4e5d-848a-008509057172,sections.plumbing,available,8.24,58.19,medium,low,8,porkbun,,,29/09/2026 05:14
f0fe758b-9afd-49bf-a774-88b78e9d7d30,normale.plumbing,available,76.98,89.98,high,low,7,namecheap,,,01/10/2026 22:29
7ab0ec3d-0edb-44e0-8299-a4ceccd576cd,otoscope.plumbing,available,72.99,72.99,medium,low,8,namesilo,,,21/09/2026 04:28
0c16db89-2681-4a5b-8025-915184937b49,frederick.plumbing,available,58.16,58.16,high,low,9,spaceship,,,28/09/2026 01:56
548b3837-7e3f-45c7-b567-fbac8fcc6903,sal.plumbing,available,58.16,58.16,high,low,3,spaceship,,,28/09/2026 03:21
67b53ef2-393d-4862-a6d3-7e421bd80d49,mild.plumbing,available,76.98,89.98,high,low,4,namecheap,,,25/09/2026 18:55
a28896d3-bfd9-4945-befe-48fc7d688292,persistent.plumbing,available,14.99,94.99,high,low,10,name.com,,,14/08/2026 14:58
93f61636-3c5f-4487-b285-273186e2778b,society.plumbing,available,72.99,72.99,high,low,7,namesilo,,,29/09/2026 01:43
552b955b-422f-4aa2-a6ca-c06035e53cbf,delivered.plumbing,available,76.98,89.98,medium,low,9,namecheap,,,25/09/2026 18:04
f984d33c-81aa-41c7-b2fe-def05cb7e986,hoyt.plumbing,available,72.99,72.99,medium,low,4,namesilo,,,28/09/2026 08:07
15219c04-6c4a-4ccb-8422-c8ba7881f2d1,tenured.plumbing,available,72.99,72.99,medium,low,7,namesilo,,,11/09/2026 11:43
d6869cba-39f7-4775-a149-848090b94e0d,hick.plumbing,available,14.99,94.99,medium,low,4,name.com,,,11/08/2026 09:44
45590f47-1ad7-423b-bb85-85857e054af3,capra.plumbing,available,58.16,58.16,high,low,5,spaceship,,,01/10/2026 18:54
d53b70fb-0200-4578-95de-813e2f7a81d8,riled.plumbing,available,14.99,94.99,medium,low,5,name.com,,,
ae66d16f-f5b2-49bf-96d6-3b9aa241bca1,constitutes.plumbing,available,58.16,58.16,low,low,11,spaceship,,,30/09/2026 00:12
8e9e5b3e-9a92-45ac-aac8-d1f7a89d71e3,summarizing.plumbing,available,72.99,72.99,medium,low,11,namesilo,,,17/09/2026 10:36
fbe0c231-3ccb-4cf5-9cc4-b5699143e8d7,rebuild.plumbing,available,8.24,60.14,high,low,7,dynadot,,,28/09/2026 06:58
7af5eddd-3448-45ce-bb3e-00614c5c808a,discus.plumbing,available,72.99,72.99,high,low,6,namesilo,,,24/09/2026 22:35
81cd71d4-21aa-424c-821d-8aee552a618d,sin.plumbing,available,72.99,72.99,high,medium,3,namesilo,,,10/09/2026 08:32
cc0d244e-8211-4bbe-bff2-9469c42c5be6,fearless.plumbing,available,72.99,72.99,high,low,8,namesilo,,,22/09/2026 12:19
70da871e-84ed-493b-b574-32444cbbdddc,nicene.plumbing,available,72.99,72.99,medium,low,6,namesilo,,,03/09/2026 17:01
5150e5c4-b00d-4c68-aca7-baf38fcca0c2,speculation.plumbing,available,14.99,,medium,low,11,name.com,,,
0b266d75-dec2-4ca4-a59c-b7b6fd00048c,persuade.plumbing,available,72.99,72.99,high,low,8,namesilo,,,27/09/2026 16:35
78541255-a413-414d-9e5e-b2dcd3c56c6b,tecumseh.plumbing,available,72.99,72.99,medium,low,8,namesilo,,,29/09/2026 08:12
4b157695-731c-4c42-b829-435916d8e881,contracts.plumbing,available,56.2,56.2,medium,low,9,cloudflare,,,28/09/2026 08:33
991690f3-2107-4ec6-9ebf-32d0124f8fd3,insecure.plumbing,available,14.99,94.99,high,low,8,name.com,,,22/08/2026 06:42
9f4ce53e-07a3-49b5-bb56-7e6de2759cb9,perchance.plumbing,available,72.99,72.99,medium,low,9,namesilo,,,14/09/2026 02:12
64abb21c-1576-4d0a-9afe-2ded89718639,balaclava.plumbing,available,76.98,89.98,medium,low,9,namecheap,,,21/09/2026 20:27
2a1de5f7-c555-4dcc-99d3-519e61b5fabf,mystery.plumbing,available,72.99,72.99,high,low,7,namesilo,,,24/09/2026 15:55
a3f481ba-594f-45f1-9262-7481e2b877a6,plasma.plumbing,available,72.99,72.99,high,low,6,namesilo,,,28/09/2026 00:56
4ebed267-716d-487e-ba77-ec9b92aaa48d,layperson.plumbing,available,72.99,72.99,medium,low,9,namesilo,,,10/09/2026 01:26
f1952071-0174-4fa0-9ced-d496fdd9333a,conquering.plumbing,available,72.99,72.99,high,low,10,namesilo,,,24/09/2026 17:24
e76e8d42-fe4a-488b-9fc7-b7fe81d1d266,moldovan.plumbing,available,14.99,94.99,high,low,8,name.com,,,25/08/2026 03:50
f1ba87e1-70de-440f-9a64-cc261baf2897,bended.plumbing,available,14.99,94.99,low,low,6,name.com,,,09/08/2026 14:15
f4afd90c-6f5e-4b68-b001-8dedb560d4f9,consolation.plumbing,available,56.2,56.2,medium,low,11,cloudflare,,,28/09/2026 22:58
91a6fdfd-6cfa-44f7-bbc5-4711f7085232,capricious.plumbing,available,14.99,94.99,medium,low,10,name.com,,,11/08/2026 18:04
bd4f1981-f779-4d43-bdac-4985c0c5d0ac,blackpoll.plumbing,available,72.99,72.99,medium,low,9,namesilo,,,24/09/2026 02:54
32527e8e-0663-4853-8ee8-cabf90b893a7,candle.plumbing,available,56.2,56.2,high,low,6,cloudflare,,,29/09/2026 06:35
f4138561-7f9c-4cf7-94b9-793c0a8565e9,alienor.plumbing,available,72.99,72.99,medium,low,7,namesilo,,,18/09/2026 07:41
11b9baec-43e7-4960-97ca-29943fe93513,albee.plumbing,available,72.99,72.99,medium,low,5,namesilo,,,18/09/2026 02:31
a3e2fc89-4f16-4a7a-8be8-2ffd480386e4,loads.plumbing,available,72.99,72.99,high,low,5,namesilo,,,28/09/2026 15:05
27d549b3-5fb5-46c9-bcb3-d4e21a4c04c5,mosque.plumbing,available,58.16,58.16,high,low,6,spaceship,,,30/09/2026 05:18
2ac69814-a58d-404d-bac7-d96d22c63fb7,ironical.plumbing,available,14.99,94.99,medium,low,8,name.com,,,22/08/2026 10:06
4724ba2a-d5ab-4e6a-aef3-3d0e18e91869,peterson.plumbing,available,72.99,72.99,high,low,8,namesilo,,,25/09/2026 17:40
159258a5-cb80-49d4-a226-f7fb583b17d4,barky.plumbing,available,14.99,94.99,medium,low,5,name.com,,,08/08/2026 19:46
498ebeb8-3ae5-4c82-9cde-dbbd8672ba68,partitioning.plumbing,available,56.2,56.2,high,low,12,cloudflare,,,29/09/2026 09:00
c6f9b172-fe5c-4f9d-8ef2-7a8134d16b01,laundering.plumbing,available,58.16,58.16,medium,low,10,spaceship,,,30/09/2026 10:23
bdf72719-26d6-4fbf-9cbb-627ab0c495cf,apoapsis.plumbing,available,76.98,89.98,medium,low,8,namecheap,,,19/09/2026 18:07
6864397c-6add-4f24-95ad-a43255ae8e68,rubber.plumbing,available,72.99,72.99,high,low,6,namesilo,,,27/09/2026 16:38
b96312a6-b79d-403a-8abe-d31d9df7df41,monuments.plumbing,available,76.98,89.98,medium,low,9,namecheap,,,30/09/2026 15:18
8e8bfdf2-bacb-4e80-937b-7f8e243b03c9,crowns.plumbing,available,76.98,89.98,medium,low,6,namecheap,,,18/09/2026 06:26
a660fce4-4fe6-4de4-b433-eda245f22405,uttered.plumbing,available,14.99,94.99,medium,low,7,name.com,,,17/08/2026 18:44
95575dc5-7211-4e42-b3d4-2eb5ce72438a,goof.plumbing,available,72.99,72.99,medium,low,4,namesilo,,,24/09/2026 06:18
995d59dd-1cb4-46f1-813b-3e1a7196d960,paced.plumbing,available,72.99,72.99,medium,low,5,namesilo,,,18/09/2026 10:44
ead3665a-29e3-4ac8-9f61-e371d4aba1d6,developments.plumbing,available,58.16,58.16,high,low,12,spaceship,,,29/09/2026 16:40
d67782df-98e9-4f17-a630-303885bbce94,comments.plumbing,available,72.99,72.99,medium,low,8,namesilo,,,17/09/2026 01:39
5b73ce1c-dcd4-4569-9275-0c1c7c9e724a,usc.plumbing,available,72.99,72.99,high,low,3,namesilo,,,25/09/2026 14:13
aaa67427-558a-4d1c-922a-a9c7457da34d,extremely.plumbing,available,72.99,72.99,medium,low,9,namesilo,,,27/09/2026 02:51
db809422-d656-4825-b98e-cb8610c072ab,swinburne.plumbing,available,76.98,89.98,medium,low,9,namecheap,,,18/09/2026 07:03
023a536b-d741-4553-b911-5d5eb372fe7c,shopworn.plumbing,available,14.99,94.99,low,low,8,name.com,,,08/08/2026 11:06
5c991500-4b5e-40f7-a50e-6b164e361903,grub.plumbing,available,14.99,94.99,high,low,4,name.com,,,11/08/2026 09:30
db7c40f7-8d97-4a20-9bf6-1205373428d5,cloaked.plumbing,available,14.99,94.99,high,low,7,name.com,,,12/08/2026 11:28
a39e779d-7892-4904-a593-2a2bd858cee3,budgets.plumbing,available,8.24,58.19,medium,low,7,porkbun,,,28/09/2026 08:37
0422f739-aa6e-4478-9e6d-54a650faca6c,towed.plumbing,available,14.99,,medium,low,5,name.com,,,
aad211ba-dd8b-4ffd-bbfe-58d7e0e62563,godmother.plumbing,available,76.98,89.98,high,low,9,namecheap,,,01/10/2026 19:50
419c755f-f3bc-4739-b5e7-163f1bc427ba,workings.plumbing,available,72.99,72.99,high,low,8,namesilo,,,28/09/2026 10:48
e36f1aab-ccaa-4c49-8b94-21b0f056c5a5,albuca.plumbing,available,72.99,72.99,medium,low,6,namesilo,,,18/09/2026 03:19
2848257a-07b6-469b-bb7f-e6588d5c78d7,cheltenham.plumbing,available,72.99,72.99,medium,low,10,namesilo,,,28/09/2026 12:18
1c8589da-624a-40d9-8c81-d673f49a05b3,dyslexic.plumbing,available,14.99,94.99,medium,low,8,name.com,,,14/08/2026 22:03
6d59d036-1a69-4d45-9e3b-5d6370f67790,eic.plumbing,available,8.24,60.14,high,low,3,dynadot,,,29/09/2026 21:33
d64c846f-775c-4380-871e-98bdeecfe9a4,license.plumbing,available,72.99,72.99,high,low,7,namesilo,,,25/09/2026 08:58
02fcaa20-cb21-430d-ba03-4088c6db149e,yong.plumbing,available,72.99,72.99,medium,low,4,namesilo,,,28/09/2026 16:51
56f254db-9630-43e7-8fbb-b9333d00acd6,ripe.plumbing,available,72.99,72.99,high,low,4,namesilo,,,27/09/2026 15:25
8e7e71c1-5dbb-493d-bab2-4a500857051c,splurge.plumbing,available,72.99,72.99,high,low,7,namesilo,,,23/09/2026 17:20
f2268e20-73b4-441e-9cfd-e89dc21b67f7,iliac.plumbing,available,14.99,94.99,medium,low,5,name.com,,,21/08/2026 18:45
f98a716f-7284-4f3a-b016-38f17e8c7ba2,truncheon.plumbing,available,72.99,72.99,medium,low,9,namesilo,,,23/09/2026 16:38
27c09542-f1f9-45fc-a7b8-e1d55b72a380,architecture.plumbing,available,72.99,72.99,high,low,12,namesilo,,,28/09/2026 17:04
9d61ecf9-7b61-4bc1-815d-60cff5cf25c9,pudendal.plumbing,available,72.99,72.99,medium,low,8,namesilo,,,09/09/2026 05:28
9a4708f2-5982-47ca-b605-ec4e4be47cc9,employed.plumbing,available,14.99,94.99,high,low,8,name.com,,,16/08/2026 18:24
15c6b8b6-d37e-4616-be81-08517e7fbb8f,goggles.plumbing,available,72.99,72.99,high,low,7,namesilo,,,30/09/2026 17:29
c2aab74e-f48b-4627-ad94-38353b86e488,wastebasket.plumbing,available,58.16,58.16,high,low,11,spaceship,,,02/10/2026 00:52
18f49a87-988c-4d45-a7d0-dc799d0b8dd6,huff.plumbing,available,58.16,58.16,medium,low,4,spaceship,,,01/10/2026 20:00
7fcd014e-b0c9-4230-989e-05170654885a,epical.plumbing,available,14.99,94.99,medium,low,6,name.com,,,17/08/2026 10:29
f95b5884-d1a1-4e81-addd-09969c7610b6,guatemalan.plumbing,available,14.99,94.99,high,low,10,name.com,,,20/08/2026 20:45
c9c74eb1-91c3-48be-97da-f8061bd457a3,tissues.plumbing,available,72.99,72.99,medium,low,7,namesilo,,,29/09/2026 10:39
4c3afe98-1294-4a44-9957-92abdd6496aa,haarlem.plumbing,available,72.99,72.99,medium,low,7,namesilo,,,29/09/2026 22:19
203e9189-43b9-44cc-8a36-7982e7d82398,itch.plumbing,available,58.16,58.16,high,low,4,spaceship,,,29/09/2026 19:24
ddc044f2-c252-4a6c-9d98-6722fe11c8e0,stael.plumbing,available,72.99,72.99,medium,low,5,namesilo,,,22/09/2026 07:38
f16beadd-2ff8-488b-8747-469c800b5996,pilgrimage.plumbing,available,56.2,56.2,high,low,10,cloudflare,,,29/09/2026 20:00
d872439b-0490-4b36-ad86-b447fcc4abd9,destruction.plumbing,available,72.99,72.99,medium,low,11,namesilo,,,27/09/2026 02:03
7a773968-fe1b-4c39-a33a-2b1c0c4e82c3,squealer.plumbing,available,76.98,89.98,medium,low,8,namecheap,,,23/09/2026 11:32
4de20e72-66c0-449d-9512-789ee68d804e,evening.plumbing,available,72.99,72.99,high,low,7,namesilo,,,24/09/2026 15:27
d6fd3d9d-cc00-4695-86fe-cf586c859c9f,sodden.plumbing,available,72.99,72.99,medium,low,6,namesilo,,,10/09/2026 13:24
34ce6993-38b5-46a9-8c6f-6fe34b2e0fc5,cultural.plumbing,available,14.99,94.99,high,low,8,name.com,,,13/08/2026 10:15
b127ec93-6b4b-4c6f-b6e2-ece36def49ed,isc.plumbing,available,58.16,58.16,high,low,3,spaceship,,,02/10/2026 01:14
f0d7635f-4000-4b88-ae1e-c6507abfa588,squab.plumbing,available,72.99,72.99,medium,low,5,namesilo,,,10/09/2026 17:08
ae07b34a-767e-4096-9d4d-f823a92bf4cc,chickpea.plumbing,available,76.98,89.98,high,low,8,namecheap,,,24/09/2026 14:29
17e0aa4a-4aa4-4f21-bb65-e371253f86c0,basketball.plumbing,available,8.24,58.19,high,low,10,porkbun,,,29/09/2026 01:27
9966f271-f17d-41fd-a53a-1ac4332a1b74,puddle.plumbing,available,72.99,72.99,high,low,6,namesilo,,,13/09/2026 09:43
b1a36b8d-1e15-4caf-9b41-06ec0886edf4,moire.plumbing,available,14.99,94.99,medium,low,5,name.com,,,25/08/2026 03:26
875ed6bf-4bb5-4307-abba-ccd049d7c44c,vojvodina.plumbing,available,72.99,72.99,medium,low,9,namesilo,,,01/10/2026 23:46
1866c592-5922-40bb-a932-6d1a1abe2bd9,hailed.plumbing,available,72.99,72.99,medium,low,6,namesilo,,,30/09/2026 15:28
b7ce51d2-cd65-49ee-a31e-a3e2e6d9ec87,sandford.plumbing,available,8.24,60.14,medium,low,8,dynadot,,,30/09/2026 13:50
7c3e6d2e-6caf-47ca-9fbd-5a5cf98cc124,underway.plumbing,available,72.99,72.99,high,low,8,namesilo,,,12/09/2026 07:42
74098f84-662e-4ccc-8a94-05ff6adee2ee,exist.plumbing,available,8.24,60.14,high,low,5,dynadot,,,30/09/2026 19:30
851c000b-be4e-4f9a-8a95-17768873a8dc,conk.plumbing,available,14.99,94.99,medium,low,4,name.com,,,17/08/2026 21:08
4bd771ee-3843-47f1-ac7b-fdcc646a8fd0,tubular.plumbing,available,14.99,94.99,high,low,7,name.com,,,11/08/2026 17:14
51bb5112-e24b-4cd4-ad93-91963cd5f8e6,protestant.plumbing,available,72.99,72.99,high,low,10,namesilo,,,09/09/2026 04:08
f14c49c7-b4bc-459e-9a05-84a1a9458d27,beverly.plumbing,available,76.98,89.98,high,low,7,namecheap,,,25/09/2026 21:21
ce3392a3-b1cf-4e60-b1ad-83d4f70fe6ef,navajo.plumbing,available,56.2,56.2,high,low,6,cloudflare,,,30/09/2026 18:09
5c16dfe6-bc4b-4bd9-b7d3-4ec267f149ec,famine.plumbing,available,72.99,72.99,medium,low,6,namesilo,,,29/09/2026 12:01
a68a2e92-e849-4ca0-8118-16ed7e771513,obligation.plumbing,available,72.99,72.99,high,low,10,namesilo,,,24/09/2026 13:40
602632b4-9c34-4ced-842c-5b784111f065,barrio.plumbing,available,72.99,72.99,medium,low,6,namesilo,,,22/09/2026 08:38
a7b1ea20-49d0-4425-a42b-c6732a422fbc,sissy.plumbing,available,14.99,94.99,medium,low,5,name.com,,,12/08/2026 08:45
b65d9d72-5a19-453d-aefa-8ad331010b15,bazooka.plumbing,available,76.98,89.98,high,low,7,namecheap,,,22/09/2026 18:25
ebe233f2-9e6f-4451-b17f-5cbaa7a019d2,babe.plumbing,available,58.16,58.16,high,low,4,spaceship,,,29/09/2026 00:05
337c6c58-ea62-40c7-b882-b626eea1195b,rabbit.plumbing,available,72.99,72.99,high,low,6,namesilo,,,25/09/2026 08:52
a8b42c7e-f798-4027-9a63-68f55db69031,mustache.plumbing,available,72.99,72.99,high,low,8,namesilo,,,29/09/2026 19:43
8327efef-d5a4-4a86-9d4f-b1af660e7987,oar.plumbing,available,58.16,58.16,high,low,3,spaceship,,,30/09/2026 05:58
36298806-e0b6-47fb-aba4-714912871d1c,protect.plumbing,available,56.2,56.2,high,low,7,cloudflare,,,30/09/2026 21:22
432fcf3c-034f-4a3d-a459-401318835904,aurally.plumbing,available,72.99,72.99,medium,low,7,namesilo,,,13/09/2026 22:46
6597923e-ac83-4587-b399-6f0b00ca155a,reims.plumbing,available,72.99,72.99,medium,low,5,namesilo,,,29/09/2026 13:45
d5ddaacd-3f0d-4701-925f-1e0437172ccb,tornadoes.plumbing,available,76.98,89.98,medium,low,9,namecheap,,,16/09/2026 14:14
e2a08e7c-3fed-4cb1-95c4-24720bd2e29e,corroded.plumbing,available,14.99,94.99,medium,low,8,name.com,,,13/08/2026 02:05
08ffe679-343a-4e39-927d-36c4e03f791b,tush.plumbing,available,14.99,94.99,medium,low,4,name.com,,,09/08/2026 11:45
eacdb3a8-2bf8-40ec-b5f9-6b35b748ab98,agnate.plumbing,available,14.99,94.99,medium,low,6,name.com,,,
ab3039c2-89f1-4a06-9137-b372531d79a6,aromatic.plumbing,available,76.98,89.98,high,low,8,namecheap,,,22/09/2026 08:02
4a247ddc-1273-476c-b324-62651052c4c9,gee.plumbing,available,56.2,56.2,high,low,3,cloudflare,,,29/09/2026 20:19
498437bd-42e8-4f57-a83f-b864d902d37d,elemental.plumbing,available,14.99,94.99,high,low,9,name.com,,,16/08/2026 03:29
320abae0-efed-48e9-9075-f8a30686e9bc,nutrients.plumbing,available,76.98,89.98,medium,low,9,namecheap,,,21/09/2026 00:14
45a37305-d0ee-4018-b387-da2163797cce,other.plumbing,available,72.99,72.99,high,low,5,namesilo,,,26/09/2026 00:34
fc7e59e5-4e7e-403a-af8a-99a10f23dfa7,kimberley.plumbing,premium,260,260,medium,low,9,namecheap,,,28/09/2026 19:38
3a8a292f-2dbe-4d6a-9555-50c37df26bab,duodecimal.plumbing,available,14.99,94.99,medium,low,10,name.com,,,14/08/2026 21:19
ecb3f467-67a5-4391-a11d-ed31e4346e40,tress.plumbing,available,76.98,89.98,medium,low,5,namecheap,,,24/09/2026 07:57
b3bb7e2b-cb4b-4160-b709-e1f7adb8754e,coral.plumbing,available,72.99,72.99,high,low,5,namesilo,,,23/09/2026 23:19
86f67eec-7c78-4b8a-bb59-157b0d22ee68,menominee.plumbing,available,58.16,58.16,high,low,9,spaceship,,,30/09/2026 10:33
c9be93e3-b180-4c66-8403-50b7cec2140f,inr.plumbing,available,56.2,56.2,high,low,3,cloudflare,,,02/10/2026 04:11
f2b06375-fa5b-40c1-8f62-d535f48fe63a,talentless.plumbing,available,72.99,72.99,medium,low,10,namesilo,,,11/09/2026 07:28
85d60bb2-8a39-46f8-bfb8-08ef9ba65516,posing.plumbing,available,72.99,72.99,high,low,6,namesilo,,,10/09/2026 08:59
f608200a-b7bc-45ad-8f18-3f47e9b76e2b,shapely.plumbing,available,72.99,72.99,high,low,7,namesilo,,,10/09/2026 05:57
199bd996-bb1b-4de9-9516-d5094fd86c68,inflation.plumbing,available,72.99,72.99,high,low,9,namesilo,,,29/09/2026 07:21
a4e197c0-1b44-4b3f-b9eb-a11becf039e7,deceiving.plumbing,available,72.99,72.99,medium,low,9,namesilo,,,02/10/2026 01:33
8f9a752e-4d13-4e2b-866c-8f0a6e86e2f2,distinctly.plumbing,available,72.99,72.99,high,low,10,namesilo,,,14/09/2026 13:19
4b32687e-dae2-496d-ada7-6201051b7d7c,party.plumbing,available,72.99,72.99,high,medium,5,namesilo,,,19/09/2026 09:39
c34e5fba-64a1-46ba-8a47-d5330dfadee8,heartbeat.plumbing,available,14.99,94.99,high,low,9,name.com,,,22/08/2026 07:28
c67b8039-39e0-4f9a-ae8a-6f5111b27e06,grows.plumbing,available,72.99,72.99,medium,low,5,namesilo,,,27/09/2026 10:10
f780d0eb-63fa-45f4-90d4-05bc262f6609,promenade.plumbing,available,72.99,72.99,high,low,9,namesilo,,,18/09/2026 16:56
8fd080b5-f21f-4605-9617-0d435bc6860b,taiping.plumbing,available,72.99,72.99,high,low,7,namesilo,,,01/10/2026 23:31
0dc53424-ed9e-4e9d-974c-c825248a6f98,screeching.plumbing,available,72.99,72.99,medium,low,10,namesilo,,,09/09/2026 23:59
c111d03f-e97d-4f23-a3b6-bab04a504866,goodly.plumbing,available,14.99,94.99,high,low,6,name.com,,,20/08/2026 16:36
80e9d2a6-07cc-4ddb-bd3a-6ed6e4120457,proven.plumbing,available,72.99,72.99,high,low,6,namesilo,,,27/09/2026 08:25
d3030c26-3ed4-48e3-9837-f75f3020c5fc,serrate.plumbing,available,72.99,72.99,medium,low,7,namesilo,,,03/09/2026 22:06
2e5edb20-58dd-4eb6-b9f8-3fdb292bb07f,sparked.plumbing,available,72.99,72.99,high,low,7,namesilo,,,30/09/2026 04:13
88243f26-830a-4277-9f47-7e540537cad8,shaky.plumbing,available,72.99,72.99,medium,low,5,namesilo,,,27/09/2026 14:56
2871ae1f-25a8-4253-a007-5130ec7a2ed7,eel.plumbing,available,123.99,123.99,high,low,3,godaddy,,,30/09/2026 01:28
ed5cd3e8-97fb-4c48-b154-582515a193e3,tend.plumbing,available,72.99,72.99,high,low,4,namesilo,,,29/09/2026 23:54
f2df8e10-05da-48d0-876b-7dac4906fc02,albatross.plumbing,available,14.99,94.99,high,low,9,name.com,,,18/09/2026 02:28
ef2a80bb-c64a-450c-aec1-953db76555f0,rejoin.plumbing,available,8.24,60.14,high,low,6,dynadot,,,30/09/2026 10:07
24da16e9-6d20-4a1f-a084-bc43b7560c32,treacherous.plumbing,available,58.16,58.16,medium,low,11,spaceship,,,30/09/2026 03:44
6dc7038b-778d-4d3d-9737-91031012d282,steuben.plumbing,available,72.99,72.99,medium,low,7,namesilo,,,22/09/2026 07:05
610b9ea5-9184-4f22-840e-703d6ccc8e28,stands.plumbing,available,14.99,,medium,low,6,name.com,,,
5f854368-0c02-4b08-a763-e022d7bcf6f0,updated.plumbing,available,72.99,72.99,medium,low,7,namesilo,,,18/09/2026 06:09
2567b997-2279-4434-888b-d1b37f44303e,cologne.plumbing,available,72.99,72.99,high,low,7,namesilo,,,24/09/2026 16:20
2494012c-6c62-4a30-b70b-3c60473e01f3,tipping.plumbing,available,58.16,58.16,high,low,7,spaceship,,,29/09/2026 23:33
88a2144d-e173-4eb7-81fe-6fb8e96b1792,farrell.plumbing,available,72.99,72.99,medium,low,7,namesilo,,,25/09/2026 05:20
c69316cd-4373-4351-8d1a-17a15a1af092,crosstown.plumbing,available,14.99,94.99,medium,low,9,name.com,,,13/08/2026 08:13
5fa3de9b-d523-4ba3-9be2-6f95a3cda99a,moresque.plumbing,available,14.99,94.99,medium,low,8,name.com,,,25/08/2026 06:01
db57e58e-3e00-487e-bae6-403dbe357939,universities.plumbing,available,76.98,89.98,medium,low,12,namecheap,,,28/09/2026 08:47
94ee7569-d2e6-46e0-9aee-14c7a9862ffa,hewn.plumbing,available,14.99,94.99,medium,low,4,name.com,,,20/08/2026 23:16
d878c154-250f-443f-9c9a-dd163803698d,comate.plumbing,available,14.99,94.99,low,low,6,name.com,,,12/08/2026 18:20
d1f2c8f5-82ee-4f8b-b6e7-da38a01afdc4,regulation.plumbing,available,72.99,72.99,high,low,10,namesilo,,,09/09/2026 13:07
bb7953f3-e929-47f2-a33c-ebfdc79b2d92,stealing.plumbing,available,72.99,72.99,medium,low,8,namesilo,,,11/09/2026 13:24
042dc9d8-386e-4fba-9f37-8bec533dd032,rapturous.plumbing,available,14.99,94.99,high,low,9,name.com,,,14/08/2026 23:48
d67912bf-37bd-4968-b092-986dd359a53f,symptoms.plumbing,available,8.24,60.14,medium,low,8,dynadot,,,27/09/2026 22:08
f72bd2f4-adaa-4922-ac42-1929c1e4ff7f,untaught.plumbing,available,76.98,89.98,medium,low,8,namecheap,,,12/09/2026 18:56
2510b8f0-aa7d-4c52-b0e3-0dbbc06bcd10,telling.plumbing,available,14.99,94.99,high,low,7,name.com,,,12/08/2026 15:35
819c576c-ee3b-4493-8a32-007d4af6e899,broken.plumbing,available,72.99,72.99,high,low,6,namesilo,,,23/09/2026 09:56
4c16764d-df86-470e-a710-d1e89f5e4468,athlete.plumbing,available,72.99,72.99,high,low,7,namesilo,,,28/09/2026 22:57
a3d00391-43d6-4c19-ac10-91c3678ad644,arboretum.plumbing,available,72.99,72.99,medium,low,9,namesilo,,,20/09/2026 00:49
33bfec52-5e78-446c-b666-0c3f3957aa48,actin.plumbing,available,76.98,89.98,medium,low,5,namecheap,,,17/09/2026 04:37
b0bf0ba9-a7b5-4658-a15b-2ac6b085cf94,dispensary.plumbing,available,76.98,89.98,high,low,10,namecheap,,,24/09/2026 22:58
b7f47a86-6ec8-4180-9db0-494517637a14,comply.plumbing,available,8.24,60.14,high,low,6,dynadot,,,29/09/2026 08:21
247f4e5f-5943-4946-a09e-8a9a65e0924e,clv.plumbing,available,14.99,94.99,high,low,3,name.com,,,
1ccfa008-b30f-4cfc-a98c-d439ac730e35,contorted.plumbing,available,14.99,94.99,medium,low,9,name.com,,,12/08/2026 23:22
f3adb2c1-74e3-4e4f-abe8-3a859cede028,wuhan.plumbing,available,72.99,72.99,medium,low,5,namesilo,,,29/09/2026 02:39
57b20744-f1ea-44fc-bc9e-75abaa1bd71a,aldrich.plumbing,available,72.99,72.99,medium,low,7,namesilo,,,28/09/2026 04:14
e3b60df0-0b51-4f34-9b5b-2776e3445957,infrequent.plumbing,available,14.99,94.99,medium,low,10,name.com,,,22/08/2026 04:50
124df5ad-16ed-431b-ba6e-362465b81549,judy.plumbing,available,72.99,72.99,high,low,4,namesilo,,,25/09/2026 11:45
7bbcbec3-d3a8-48b6-9975-b63b359bb21b,bagging.plumbing,available,76.98,89.98,medium,low,7,namecheap,,,21/09/2026 18:06
a72cd282-82c2-41a1-ba85-cb1c4a5f03fc,breasts.plumbing,available,14.99,,medium,low,7,name.com,,,
4ab7e957-f08f-4d00-843c-0a5473e4c7ef,zealous.plumbing,available,72.99,72.99,high,low,7,namesilo,,,13/09/2026 15:10
ada0614c-f907-4e0a-8470-f532fcd93d47,journeys.plumbing,available,56.2,56.2,medium,low,8,cloudflare,,,01/10/2026 17:43
29dcdcf3-e9a8-4741-9c34-36921c599fc7,plaza.plumbing,available,58.16,58.16,high,low,5,spaceship,,,28/09/2026 06:36
e10d0a72-2014-420f-b653-cedfb4db9219,fountain.plumbing,available,56.2,56.2,high,low,8,cloudflare,,,27/09/2026 13:35
70179cd7-f802-4ded-a412-95e50fbb4327,decently.plumbing,available,14.99,94.99,medium,low,8,name.com,,,13/08/2026 21:14
d708ae45-54cf-4266-95d1-64019c0a0b5f,ams.plumbing,available,58.16,58.16,high,low,3,spaceship,,,28/09/2026 21:48
24b41064-25bc-400e-9a47-6d64ded2f3a6,moravian.plumbing,available,14.99,94.99,high,low,8,name.com,,,25/08/2026 06:14
b143e8e8-0dfc-427a-9c81-b4cacc3b52ef,gala.plumbing,available,56.2,56.2,high,low,4,cloudflare,,,29/09/2026 20:31
a852fe0b-ea98-41f0-89d4-82be8d41871b,remarkable.plumbing,available,72.99,72.99,high,low,10,namesilo,,,09/09/2026 13:42
81dfb8cc-4069-40ed-a018-95332338240c,clickbait.plumbing,available,72.99,72.99,medium,low,9,namesilo,,,02/10/2026 04:10
6520151b-6556-4d70-bbd9-13684c985ba6,mesmerized.plumbing,available,14.99,94.99,high,low,10,name.com,,,17/08/2026 22:50
aae764ce-fc58-416c-a636-1663194b6167,deformed.plumbing,available,14.99,94.99,medium,low,8,name.com,,,13/08/2026 23:37
779b81df-ad28-4c7d-a5d7-8ab5c5fe8245,monstrous.plumbing,available,14.99,94.99,medium,low,9,name.com,,,07/08/2026 14:47
4c52287b-b015-4da2-978f-7fe5c444946d,athyrium.plumbing,available,76.98,89.98,medium,low,8,namecheap,,,20/09/2026 21:22
78de96e9-c05f-41c8-b876-23146bdc5a8b,babinski.plumbing,available,72.99,72.99,medium,low,8,namesilo,,,21/09/2026 12:44
097cb356-430c-43a5-9785-9a4c0142c909,ballade.plumbing,available,72.99,72.99,medium,low,7,namesilo,,,21/09/2026 22:41
e906a67e-8c87-4aa6-8f04-1cd02941037d,hafnium.plumbing,available,72.99,72.99,medium,low,7,namesilo,,,20/09/2026 23:42
e6dd085f-affc-423d-8bf0-be7761466c2a,expire.plumbing,available,58.16,58.16,medium,low,6,spaceship,,,29/09/2026 12:11
52218492-00b3-4513-a8cf-de6a352ebac5,tilted.plumbing,available,14.99,94.99,high,low,6,name.com,,,07/08/2026 13:29
c1d30437-08ff-4463-a16b-5adeca8ac439,ada.plumbing,available,76.98,89.98,high,medium,3,namecheap,,,28/09/2026 18:12
a023b17a-5fcd-4257-9f65-5ecc22cad035,flags.plumbing,available,14.99,,high,low,5,name.com,,,
ff4e08c3-136d-4683-adca-7f1f1969c29a,rowley.plumbing,available,72.99,72.99,medium,low,6,namesilo,,,28/09/2026 12:08
d99abafa-a1f4-4302-93f0-7abfe566517a,escape.plumbing,available,72.99,72.99,high,low,6,namesilo,,,24/09/2026 23:22
1d0262a6-c9de-4502-9167-ebf168928e27,went.plumbing,available,72.99,72.99,high,low,4,namesilo,,,30/09/2026 22:44
200bc312-7bfa-4a42-be4a-7867f0487c4a,choky.plumbing,available,14.99,94.99,medium,low,5,name.com,,,12/08/2026 06:42
2ec0a836-a7e1-4f74-b1d2-9eb3a59d428e,symmetrical.plumbing,available,72.99,72.99,high,low,11,namesilo,,,30/09/2026 03:46
63b28fbb-de46-4fd2-9c4a-df9b46c12222,plugin.plumbing,available,72.99,72.99,high,low,7,namesilo,,,17/09/2026 06:36
b0b2563f-6241-4e98-bcf5-c2f76848a7f2,assure.plumbing,available,8.24,58.19,high,low,6,porkbun,,,30/09/2026 07:34
3915a0c3-daec-466a-96fa-91e99c46caf6,willfully.plumbing,available,76.98,89.98,medium,low,9,namecheap,,,16/09/2026 11:30
ec255daa-709e-4f61-86fb-d61c1d0cbdfe,timid.plumbing,available,14.99,94.99,medium,low,5,name.com,,,11/08/2026 22:46
fe3de0a0-edad-4425-a943-13ad6e251fbf,vinton.plumbing,available,58.16,58.16,medium,low,6,spaceship,,,30/09/2026 21:54
ba410d8d-76ab-4745-b086-bb1a30a68643,swartz.plumbing,available,72.99,72.99,medium,low,6,namesilo,,,30/09/2026 13:43
f74733b4-c2d2-452c-843e-01a638304c80,juridical.plumbing,available,14.99,94.99,medium,low,9,name.com,,,22/08/2026 14:40
7e4e5cef-bc1c-48c3-99b4-32aec89228f3,greenhouse.plumbing,available,14.99,94.99,high,low,10,name.com,,,20/08/2026 19:51
2a393e0e-11dc-46ad-b685-3897b0e52545,multiple.plumbing,available,72.99,72.99,high,low,8,namesilo,,,25/09/2026 22:06
c9c6fbf0-fef0-4188-9545-1b7cad86b9b5,upright.plumbing,available,14.99,94.99,high,low,7,name.com,,,17/08/2026 12:05
57913540-31b6-4a26-8365-4187f6c95437,xci.plumbing,available,14.99,94.99,medium,low,3,name.com,,,
b31069b3-bf9b-4c4a-aed4-367d0008f3be,somerville.plumbing,available,72.99,72.99,medium,low,10,namesilo,,,27/09/2026 01:44
340c6925-95cb-436b-a10f-74ecb86349c2,engorge.plumbing,available,72.99,72.99,medium,low,7,namesilo,,,23/09/2026 17:25
a50cf508-c3b6-4628-9b84-6a6949420a90,ambystoma.plumbing,available,72.99,72.99,medium,low,9,namesilo,,,18/09/2026 17:36
80605360-3b87-48d9-80d5-60a5753e243f,haworth.plumbing,available,8.24,58.19,medium,low,7,porkbun,,,29/09/2026 19:08
971e0dc3-17a4-4b7c-b238-437f5aef0733,lightless.plumbing,available,14.99,94.99,medium,low,9,name.com,,,23/08/2026 04:36
cd92b17b-f49a-482c-ad66-01235a176815,unwrinkled.plumbing,available,72.99,72.99,medium,low,10,namesilo,,,12/09/2026 22:55
96953758-3d60-4d47-b586-a547e465a18b,operation.plumbing,available,72.99,72.99,high,low,9,namesilo,,,02/10/2026 02:53
a3ca8aa6-1041-44f6-babf-2dbc45ece7a4,fancied.plumbing,available,14.99,94.99,high,low,7,name.com,,,17/08/2026 20:17
9dd2d260-8637-49c8-900b-b1a61a37e9e5,playing.plumbing,available,8.24,58.19,high,low,7,porkbun,,,02/10/2026 00:28
91d22f63-49fa-499d-8708-974b95b9c9ca,analogy.plumbing,available,58.16,58.16,high,low,7,spaceship,,,28/09/2026 21:11
0b638128-8ab9-45a7-ba94-0d8f2e8cfc3e,caroline.plumbing,available,14.99,94.99,high,low,8,name.com,,,11/08/2026 19:29
093d1052-8a0a-494c-95d9-89be7e488fbe,axiom.plumbing,available,76.98,89.98,high,medium,5,namecheap,,,28/09/2026 23:58
31e78934-53d1-4c27-a7f2-bca50dcf0663,flipped.plumbing,available,72.99,72.99,medium,low,7,namesilo,,,18/09/2026 12:06
a6152de2-0464-4dbf-8c8d-bd52855c0cdf,rules.plumbing,available,14.99,,high,low,5,name.com,,,
93f32ccd-0760-4232-a50f-1a28ef5a689f,coat.plumbing,available,72.99,72.99,high,low,4,namesilo,,,29/09/2026 05:46
0cfa5cfb-d018-4423-bfa7-7b367544e34b,comprehension.plumbing,available,72.99,72.99,medium,low,13,namesilo,,,29/09/2026 23:00
bedb7724-29b4-45e8-bf16-26d7d7d372f2,palmer.plumbing,available,72.99,72.99,high,low,6,namesilo,,,20/09/2026 08:18
7bdc38c3-39f0-4bfe-a2b0-3fac0898a84d,initiated.plumbing,available,72.99,72.99,medium,low,9,namesilo,,,29/09/2026 11:07
eb3cd964-6323-477c-a6f7-c4434874b117,honduran.plumbing,available,14.99,94.99,medium,low,8,name.com,,,21/08/2026 13:17
133ba18c-32ae-4b88-ba6d-e5ba40e66720,pageant.plumbing,available,72.99,72.99,high,low,7,namesilo,,,28/09/2026 02:36
d8858d30-1b93-46b2-944d-e4726decc9bf,apsu.plumbing,available,72.99,72.99,medium,low,4,namesilo,,,19/09/2026 22:37
48ff87ac-16ab-4612-ba98-70f0f4f23b71,sounding.plumbing,available,72.99,72.99,high,low,8,namesilo,,,25/09/2026 14:20
23a2d19d-1a6b-47b6-8942-cf40a0cfa58a,span.plumbing,available,76.98,89.98,high,low,4,namecheap,,,29/09/2026 00:16
346a0266-d292-4df2-855a-a4213e9e9e03,speciality.plumbing,available,14.99,94.99,high,low,10,name.com,,,18/08/2026 12:32
3a8608eb-cb24-49c4-8b8a-124a200a18f2,agrimonia.plumbing,available,76.98,89.98,medium,low,9,namecheap,,,17/09/2026 19:28
830aa0bf-24b7-4ade-8358-fa0393fd0b4f,idiots.plumbing,available,58.16,58.16,low,low,6,spaceship,,,29/09/2026 17:28
985c0e0b-4a13-44d5-9647-b27bccc8cede,stripe.plumbing,available,76.98,89.98,high,low,6,namecheap,,,24/09/2026 14:22
09cd925e-2a0d-439a-bb29-2daa8aa6f644,skins.plumbing,available,56.2,56.2,high,low,5,cloudflare,,,29/09/2026 05:06
c78e0eb2-8431-4ff5-a4b7-68e4f47b56c7,albin.plumbing,available,72.99,72.99,medium,low,5,namesilo,,,02/10/2026 00:03
ca75d0fc-aec5-41ff-91c8-e4ddf01ed66c,incisive.plumbing,available,14.99,94.99,medium,low,8,name.com,,,22/08/2026 01:21
50ea9f0e-1eb5-4d21-af8f-267b6b25de53,copycat.plumbing,available,72.99,72.99,high,low,7,namesilo,,,19/09/2026 16:27
92ca9d7f-7206-4c06-af07-f333f5d6b85a,defaults.plumbing,available,72.99,72.99,low,low,8,namesilo,,,21/09/2026 07:23
c63ce6a6-c3b0-43d1-96b0-0f0660976f6d,burst.plumbing,available,72.99,72.99,high,low,5,namesilo,,,24/09/2026 10:35
1f360538-4c94-44d1-92ce-8f663fb0e528,coffeecake.plumbing,available,14.99,,high,low,11,name.com,,,
8f9b9b10-8a1d-4d49-b974-af96d75ae05f,addendum.plumbing,available,72.99,72.99,medium,low,8,namesilo,,,17/09/2026 06:41
605b1d4d-5cd8-4595-a699-ca221838d632,rossbach.plumbing,available,72.99,72.99,medium,low,8,namesilo,,,22/09/2026 15:54
65a2d27b-6801-4e6c-8fd8-512cca322986,gutenberg.plumbing,available,8.24,58.19,high,low,9,porkbun,,,01/10/2026 02:22
a96e49a7-c680-4ab8-8320-f7ba7cc16a2c,scream.plumbing,available,72.99,72.99,high,low,6,namesilo,,,27/09/2026 18:35
8be66557-76df-4963-a4de-b80f2b9a5ad6,smoothen.plumbing,available,72.99,72.99,high,low,8,namesilo,,,08/09/2026 23:04
16ca2042-608a-4a53-9885-4ab5719cbe10,endowed.plumbing,available,14.99,94.99,high,low,7,name.com,,,17/08/2026 01:23
1b67d29d-15f3-431a-b6b0-d73f4bea266c,worse.plumbing,available,58.16,58.16,high,low,5,spaceship,,,28/09/2026 10:56
cd6f3fd8-ed8b-4488-a836-acef46052436,childers.plumbing,available,76.98,89.98,medium,low,8,namecheap,,,30/09/2026 13:42
2f7d90ec-9c21-49c3-b636-3b0385951b7f,acerate.plumbing,available,14.99,94.99,medium,low,7,name.com,,,
e8b3b6c4-7748-4649-a6c3-da16bef3c6ff,scrabble.plumbing,available,72.99,72.99,high,low,8,namesilo,,,24/09/2026 23:30
082a9787-1d80-4726-867d-ab3937a0770e,secretaries.plumbing,available,58.16,58.16,medium,low,11,spaceship,,,30/09/2026 00:46
16acd313-5b20-4cda-81a8-6ad0b237b711,cracker.plumbing,available,76.98,89.98,high,low,7,namecheap,,,24/09/2026 18:59
7885db21-a973-49c5-9fe3-639cfd7e6cbc,shi.plumbing,available,56.2,56.2,high,low,3,cloudflare,,,30/09/2026 11:58
104f2a51-f09b-48cd-a1f4-e03b27ad4160,molten.plumbing,available,14.99,94.99,high,low,6,name.com,,,25/08/2026 03:57
a39ff270-6da9-47da-b11f-81bb6f8dee62,retro.plumbing,available,72.99,72.99,high,medium,5,namesilo,,,24/09/2026 15:44
0d1777dd-c191-47e7-a43e-2f0cc71a6818,ellipse.plumbing,available,14.99,94.99,high,low,7,name.com,,,04/09/2026 19:52
7ce469a2-eb43-48f6-8242-7ec558f687bb,strindberg.plumbing,available,72.99,72.99,medium,low,10,namesilo,,,21/09/2026 03:49
d0b79f9e-fc6d-4b2d-9769-1ec0300aa647,intersection.plumbing,available,58.16,58.16,high,low,12,spaceship,,,30/09/2026 23:46
f30b2923-e2ce-4524-a68e-99347b188373,vinyl.plumbing,available,8.24,60.14,high,low,5,dynadot,,,29/09/2026 20:35
6e4fbda7-0a86-4336-9ec9-606e61fecfce,mealy.plumbing,available,14.99,94.99,low,low,5,name.com,,,12/08/2026 14:05
5134a642-a3cc-4f5b-958c-3e7feca6ea53,alabaster.plumbing,available,14.99,94.99,high,low,9,name.com,,,
ec2d830a-0d30-4630-893e-e52c01f9c561,steed.plumbing,available,8.24,58.19,high,low,5,porkbun,,,01/10/2026 21:53
e285dffd-999c-42f4-9373-1b11975b45bd,naming.plumbing,available,8.24,58.19,high,low,6,porkbun,,,28/09/2026 08:38
6468fba7-7c32-4525-b79e-e6e9b248299f,tuesdays.plumbing,available,14.99,,medium,low,8,name.com,,,
b3994ab6-1a2b-4609-adc2-0379c7c10e50,dewey.plumbing,available,76.98,89.98,high,low,5,namecheap,,,17/09/2026 08:48
8ecaad56-68d2-43dd-96df-1fc2557c3f7d,abyss.plumbing,available,76.98,89.98,high,low,5,namecheap,,,16/09/2026 19:43
83a1afa9-95f5-4a76-bb8a-7dfcc87f5e9a,stays.plumbing,available,76.98,89.98,high,low,5,namecheap,,,24/09/2026 18:24
046b4376-a0c1-48fd-81b9-d16593881358,ponderable.plumbing,available,14.99,94.99,medium,low,10,name.com,,,12/08/2026 15:42
c63b9695-593e-4fa3-bfda-c118b00acc12,villainous.plumbing,available,72.99,72.99,medium,low,10,namesilo,,,03/09/2026 14:59
0dbd69bd-e24e-4098-bf6e-cd80bb21ba9d,bjs.plumbing,available,76.98,89.98,medium,low,3,namecheap,,,23/09/2026 23:25
01d2b5ef-1cc7-4d2d-8ae0-1a3fc438a6f5,invitations.plumbing,available,76.98,89.98,medium,low,11,namecheap,,,29/09/2026 11:30
54a18354-d102-4fcb-b6a4-67c2801d4990,oils.plumbing,available,58.16,58.16,medium,low,4,spaceship,,,30/09/2026 00:28
7b12bfff-f3d4-459f-a384-301985b3497c,eloquent.plumbing,available,14.99,94.99,high,low,8,name.com,,,16/08/2026 06:14
2fc1c98f-160a-4e20-be86-96aa0fcd31b8,taxpayer.plumbing,available,8.24,60.14,high,low,8,dynadot,,,30/09/2026 18:53
ccabac74-33c9-41ca-a92f-c6e507df7ac8,alveolus.plumbing,available,72.99,72.99,medium,low,8,namesilo,,,17/09/2026 22:03
e58ab9d4-bc4a-4627-97f6-204d14df39b2,boar.plumbing,available,72.99,72.99,high,low,4,namesilo,,,29/09/2026 11:44
f8b002a0-586c-4e21-815b-56fdd38e699c,deposed.plumbing,available,56.2,56.2,low,low,7,cloudflare,,,02/10/2026 03:36
33002894-c21d-4edc-a9a1-2591f7ff6d18,waterborne.plumbing,available,72.99,72.99,medium,low,10,namesilo,,,13/09/2026 08:36
30aff791-e4f6-4234-9d6c-559154f76bea,middling.plumbing,available,14.99,94.99,medium,low,8,name.com,,,22/08/2026 13:46
b056560c-90cf-47b3-9de5-6a689c8ff443,hardbound.plumbing,available,14.99,94.99,medium,low,9,name.com,,,21/08/2026 00:42
f78472f1-70d6-4c23-b25e-01255358b826,enlightened.plumbing,available,8.24,60.14,high,low,11,dynadot,,,29/09/2026 20:59
c625e068-88d4-4060-b945-95b7d79d6025,blouse.plumbing,available,8.24,60.14,high,low,6,dynadot,,,29/09/2026 06:07
beef3cd1-0919-4bdc-8b06-d0655e187f25,anabaptist.plumbing,available,72.99,72.99,medium,low,10,namesilo,,,19/09/2026 00:49
42fbe7d4-d993-4f84-aa62-5e533d06a52a,drily.plumbing,available,72.99,72.99,medium,low,5,namesilo,,,14/09/2026 14:23
cd698592-2d57-46d6-97dd-a51bc4b344d0,uaw.plumbing,available,58.16,58.16,medium,low,3,spaceship,,,29/09/2026 21:51
b3050120-89b4-466a-abec-654bc5d421de,nasa.plumbing,available,56.2,56.2,high,low,4,cloudflare,,,28/09/2026 19:59
1187bd60-0feb-4f21-83bc-2e5687d0d817,amora.plumbing,available,72.99,72.99,high,low,5,namesilo,,,18/09/2026 22:38
8f870f6e-de0c-4d75-82cd-8db966c9b5cf,francium.plumbing,available,72.99,72.99,medium,low,8,namesilo,,,20/09/2026 23:59
d2c33da5-8a29-4d70-ae09-4f666697061d,adverse.plumbing,available,14.99,94.99,medium,low,7,name.com,,,
5ec1d555-5adc-4ae0-9476-365c83ac5e1c,cloudberry.plumbing,available,76.98,89.98,medium,low,10,namecheap,,,21/09/2026 20:03
942a764c-9796-4019-a0bb-86c6f42e39a7,discal.plumbing,available,72.99,72.99,medium,low,6,namesilo,,,30/09/2026 04:23
a3a66b69-75fd-4618-aa14-a6d1999000d0,catarrhine.plumbing,available,14.99,94.99,medium,low,10,name.com,,,11/08/2026 21:11
dc406b76-e246-402b-820d-c9578fa0c9a6,formalize.plumbing,available,56.2,56.2,high,low,9,cloudflare,,,30/09/2026 19:58
2f71693b-a2ce-40e9-8f1a-92eb87a56359,mesozoic.plumbing,available,14.99,94.99,medium,low,8,name.com,,,24/08/2026 21:21
381a4f03-bc4b-4a7d-8964-4dc5b38341f7,weaken.plumbing,available,56.2,56.2,medium,low,6,cloudflare,,,29/09/2026 18:30
9ddd6e96-c775-4413-aeba-58c9325d72d8,pent.plumbing,available,72.99,72.99,medium,low,4,namesilo,,,08/09/2026 14:42
898df8d9-af6e-4418-982c-2df5698bbb39,passbook.plumbing,available,72.99,72.99,medium,low,8,namesilo,,,22/09/2026 02:44
59c152a4-ba84-4730-9f1f-10cbca56af0a,efl.plumbing,available,58.16,58.16,high,low,3,spaceship,,,29/09/2026 09:34
67b7d7bc-8e17-4747-bc0b-680aab4cfaa8,polyphase.plumbing,available,72.99,72.99,medium,low,9,namesilo,,,03/09/2026 10:52
e8f2c51f-dab7-4956-8d39-3eacc6e51405,heedful.plumbing,available,14.99,94.99,medium,low,7,name.com,,,
664a2334-138f-4bc4-a93c-32bd21af75e8,runyon.plumbing,available,72.99,72.99,medium,low,6,namesilo,,,18/09/2026 06:27
4e0f38d4-eb24-4e52-8bc0-4540cf9f30fd,tractive.plumbing,available,72.99,72.99,medium,low,8,namesilo,,,11/09/2026 18:40
bbeeb166-cf1c-48d8-a5fe-63ffbfdb8be8,mailing.plumbing,available,123.99,123.99,high,low,7,godaddy,,,30/09/2026 02:11
86d7293f-e35f-4567-a020-5f77df204bc4,signing.plumbing,available,72.99,72.99,high,low,7,namesilo,,,27/09/2026 05:19
1e3a5623-94ce-49cd-9197-8fd2413c6854,spaces.plumbing,available,58.16,58.16,medium,low,6,spaceship,,,28/09/2026 17:55
a45dc85d-7a03-43ab-ac72-352c56f2bb6a,olympics.plumbing,available,56.2,56.2,high,low,8,cloudflare,,,30/09/2026 06:06
ac7789d6-d5ec-4cb4-9935-d513555f6e39,dekker.plumbing,available,76.98,89.98,high,low,6,namecheap,,,29/09/2026 18:35
f8224fe9-8dec-4c51-9810-737cd51da099,vacantly.plumbing,available,72.99,72.99,low,low,8,namesilo,,,16/09/2026 10:32
d5f2395c-e1f6-462b-ab10-b8bf3657f8c9,clouded.plumbing,available,14.99,94.99,medium,low,7,name.com,,,12/08/2026 12:27
50691f9a-11bc-4117-a32c-b4c0cf048f12,wily.plumbing,available,14.99,94.99,medium,low,4,name.com,,,13/08/2026 04:38
0692e2bc-cdb9-4184-99fe-f5325349df7e,trig.plumbing,available,14.99,94.99,high,low,4,name.com,,,12/08/2026 10:13
46bb3bf5-535f-4cec-900c-006a78dc9aa6,accrual.plumbing,available,76.98,89.98,medium,low,7,namecheap,,,16/09/2026 23:14
2c82f906-f142-4b67-b090-c46ca2ca4db4,inflammation.plumbing,available,58.16,58.16,medium,low,12,spaceship,,,29/09/2026 23:01
4c5458af-6c0d-4fc0-a90b-7295a43989e6,nitrous.plumbing,available,14.99,94.99,high,low,7,name.com,,,08/08/2026 03:03
0533d1de-3b5e-4a2f-8679-359f0b262e5a,seals.plumbing,available,14.99,,high,low,5,name.com,,,
f07303bf-0f34-453f-bb77-606799137f64,debauch.plumbing,available,14.99,94.99,medium,low,7,name.com,,,13/08/2026 02:20
21df3a42-8519-4ad3-81d1-3dfde2bea10b,comics.plumbing,available,14.99,,high,low,6,name.com,,,
1cc4fffa-a984-4508-b631-6a0f7f988f27,report.plumbing,available,8.24,58.19,high,low,6,porkbun,,,30/09/2026 05:37
6e427f3f-bbdf-4fbd-af83-ba15dec9da64,persisting.plumbing,available,14.99,94.99,high,low,10,name.com,,,14/08/2026 15:05
297d4cc5-aae9-4fc3-956d-741f7072e1fe,adieu.plumbing,available,58.16,58.16,high,low,5,spaceship,,,28/09/2026 18:34
b685f648-c37d-4015-b1d2-749f937e2198,diffused.plumbing,available,14.99,94.99,medium,low,8,name.com,,,14/08/2026 07:08
c54b6947-ab81-410f-9b1b-97eb802e2e97,religions.plumbing,available,72.99,72.99,medium,low,9,namesilo,,,30/09/2026 15:01
00de8cee-793d-471f-839e-2a394d0a5313,cruising.plumbing,available,8.24,58.19,high,low,8,porkbun,,,29/09/2026 05:15
d0e675bf-c912-41c9-bd49-53ab32f2b1e0,combination.plumbing,available,72.99,72.99,high,low,11,namesilo,,,27/09/2026 02:14
25938364-5754-48e6-9bab-1c4a17281c35,archerfish.plumbing,available,76.98,89.98,medium,low,10,namecheap,,,20/09/2026 01:56
9528c12a-e592-448d-b8c8-4260bafec741,possession.plumbing,available,58.16,58.16,high,low,10,spaceship,,,30/09/2026 05:10
a0e7d2b5-e31e-4f98-9e3f-957be351ac5a,dramatically.plumbing,available,72.99,72.99,medium,low,12,namesilo,,,29/09/2026 14:45
a1e63a5b-f92c-47c0-84fd-774589333b18,smokers.plumbing,available,72.99,72.99,medium,low,7,namesilo,,,02/10/2026 03:25
da3a5d64-8ce3-41de-990d-476b1f60aa24,drafts.plumbing,available,58.16,58.16,medium,low,6,spaceship,,,01/10/2026 18:07
0aa0598c-4ed4-43b8-a320-1abacd39bdeb,homage.plumbing,available,58.16,58.16,high,low,6,spaceship,,,30/09/2026 01:53
b3d4037f-db17-43cb-b940-8a26e691b5f1,logrolling.plumbing,available,76.98,89.98,medium,low,10,namecheap,,,23/09/2026 20:50
d40fc7bd-a63b-4a37-b7e8-3adffb748972,trex.plumbing,available,72.99,72.99,high,low,6,namesilo,,,18/09/2026 12:51
d4dc708e-c221-4f5b-b10e-ee444e0087e2,golgi.plumbing,available,72.99,72.99,high,low,5,namesilo,,,30/09/2026 00:57
4881dece-0430-4226-8cac-0ac2beba54c2,humane.plumbing,available,72.99,72.99,high,low,6,namesilo,,,25/09/2026 06:31
3ede2e26-d4d7-4aad-80b0-63b878f0f8ee,calender.plumbing,available,58.16,58.16,medium,low,8,spaceship,,,29/09/2026 05:50
b697d7b1-56b3-4f44-8c47-72a878d28737,tails.plumbing,available,72.99,72.99,high,low,5,namesilo,,,29/09/2026 16:50
46a8f604-f51e-4680-ad2f-906703e7d9b8,unsettling.plumbing,available,56.2,56.2,medium,low,10,cloudflare,,,01/10/2026 22:49
cda857ed-fe71-4b19-939b-a44938650ff7,underneath.plumbing,available,72.99,72.99,high,low,10,namesilo,,,16/09/2026 09:57
a1f748d2-722b-4e54-b7e0-f4bb0dd0d46d,exercise.plumbing,available,72.99,72.99,high,low,8,namesilo,,,01/10/2026 02:39
f586ef4f-94a8-4b74-8dc4-c9e8448aa650,arcsec.plumbing,available,72.99,72.99,medium,low,6,namesilo,,,20/09/2026 01:25
fd67458a-96e9-43b9-8106-9615f6391dcc,fundamentally.plumbing,available,58.16,58.16,medium,low,13,spaceship,,,29/09/2026 20:57
5b800cba-059d-4919-a8a1-fc2d08feb175,undefeated.plumbing,available,14.99,94.99,high,low,10,name.com,,,12/09/2026 07:12
25b79141-4fac-45e4-b7b9-1e26e097ddd8,clients.plumbing,available,8.24,58.19,high,low,7,porkbun,,,30/09/2026 15:50
e9a245b1-e12d-4848-8708-32af115d9672,waterville.plumbing,available,56.2,56.2,medium,low,10,cloudflare,,,01/10/2026 12:40
0e04f8e5-c877-4409-9059-19bf814f308f,dix.plumbing,available,8.24,58.19,medium,low,3,porkbun,,,29/09/2026 12:04
5c6c8581-a568-4c08-9906-dbd0de9f0abb,nonhuman.plumbing,available,76.98,89.98,medium,low,8,namecheap,,,03/09/2026 19:22
0a6a8922-d299-4ea7-8043-eead2c7c9e6e,participated.plumbing,available,8.24,60.14,medium,low,12,dynadot,,,29/09/2026 23:55
7a3b4f7d-ce52-4b2e-bdf1-a8c8b4ffe4f8,misses.plumbing,available,76.98,89.98,high,low,6,namecheap,,,01/10/2026 11:41
09998746-9920-4966-b272-4200daeda2fa,kurds.plumbing,available,8.24,58.19,medium,low,5,porkbun,,,28/09/2026 05:10
df70fe24-753a-4d68-8af1-355e1186c680,prophet.plumbing,available,72.99,72.99,high,low,7,namesilo,,,28/09/2026 02:52
637b3fba-ac81-4372-9b75-227a8638c9f6,airy.plumbing,available,14.99,94.99,high,low,4,name.com,,,
c5e454c7-e848-4f23-85a3-07b75bb338e6,hussein.plumbing,available,72.99,72.99,medium,low,7,namesilo,,,25/09/2026 07:40
ef70cc58-6517-4655-9b3d-6fe8552618ae,mendoza.plumbing,available,76.98,89.98,medium,low,7,namecheap,,,27/09/2026 07:53
2ea99004-9c6a-4948-a654-f8d127772e68,resume.plumbing,available,72.99,72.99,high,low,6,namesilo,,,24/09/2026 04:16
d919ba2b-a8c7-45e8-8fab-258b153971b3,reviving.plumbing,available,72.99,72.99,high,low,8,namesilo,,,09/09/2026 14:08
33695e94-d1c2-4fd8-9774-c39f2c8165fe,autoloader.plumbing,available,76.98,89.98,medium,low,10,namecheap,,,21/09/2026 06:48
50710dcc-9283-4aa7-9ec4-0a456674a74f,paxton.plumbing,available,72.99,72.99,medium,low,6,namesilo,,,28/09/2026 14:39
327d971e-a9ea-48ed-ac87-d0de92ea0aa9,unprovoked.plumbing,available,14.99,94.99,medium,low,10,name.com,,,25/08/2026 07:52
02e742cb-67a6-4b93-b663-09507ea2ac6a,queenlike.plumbing,available,72.99,72.99,medium,low,9,namesilo,,,09/09/2026 07:54
c9450c45-d95e-4748-958e-ea725f340d58,federated.plumbing,available,14.99,94.99,high,low,9,name.com,,,18/08/2026 00:38
1120e66f-85e7-49d8-a52e-6dc0c52f5311,thump.plumbing,available,72.99,72.99,high,low,5,namesilo,,,11/09/2026 15:06
afefdd68-ae23-4933-b2d8-3dd8da1812f3,uniate.plumbing,available,72.99,72.99,medium,low,6,namesilo,,,12/09/2026 12:42
1f2b579b-f214-4120-a296-b2c996df53d0,ranch.plumbing,available,72.99,72.99,high,low,5,namesilo,,,25/09/2026 22:09
43765652-fb6f-48dd-be05-f4fc2fc1d348,hoo.plumbing,available,8.24,58.19,medium,low,3,porkbun,,,01/10/2026 06:01
ea9f2dd9-9214-4e72-aedc-0d6aefce28cb,budding.plumbing,available,14.99,94.99,high,low,7,name.com,,,11/08/2026 07:42
c2be1aff-4a19-4ea1-89ce-4f57581dd664,heatless.plumbing,available,14.99,94.99,medium,low,8,name.com,,,21/08/2026 02:27
9b0cb573-40c1-418e-9818-daee18044738,promised.plumbing,available,72.99,72.99,high,low,8,namesilo,,,17/09/2026 11:24
0071fcd7-aa00-46e6-9dde-1d557eaa833a,intriguing.plumbing,available,72.99,72.99,high,low,10,namesilo,,,25/09/2026 10:52
d6d44ff6-380a-4b21-9cfe-d23649290574,hobbes.plumbing,available,72.99,72.99,medium,low,6,namesilo,,,29/09/2026 07:16
4c962b35-8a8d-4370-b907-12a23d9e0573,decomposition.plumbing,available,58.16,58.16,medium,low,13,spaceship,,,30/09/2026 22:50
e7250153-7616-443a-a3b9-c8850a15f174,nonpolar.plumbing,available,76.98,89.98,medium,low,8,namecheap,,,03/09/2026 20:17
6f0002f7-e5e6-424c-839e-a661b128a927,morals.plumbing,available,58.16,58.16,medium,low,6,spaceship,,,28/09/2026 14:04
1563d73b-9098-4c05-b430-36633675970c,briefly.plumbing,available,72.99,72.99,high,low,7,namesilo,,,28/09/2026 13:31
0c8aefcc-2a06-4717-a8f7-aa62b5394b3b,plundered.plumbing,available,14.99,94.99,medium,low,9,name.com,,,24/08/2026 09:47
d48e6df2-319d-4a01-bc41-d229b7347bfd,estimators.plumbing,available,72.99,72.99,medium,low,10,namesilo,,,20/09/2026 23:34
6fc3de9c-255e-4ca5-af2c-3262c6556dd7,concave.plumbing,available,14.99,94.99,high,low,7,name.com,,,12/08/2026 19:50
fdcd1853-59e8-424b-949c-b32fcf68c643,dazzlingly.plumbing,available,72.99,72.99,medium,low,10,namesilo,,,14/09/2026 10:58
1410ed58-17c1-4162-b731-e33c9c63148f,triggers.plumbing,available,56.2,56.2,medium,low,8,cloudflare,,,30/09/2026 07:44
565481a5-e097-4f79-a5af-8a361412971d,berber.plumbing,available,76.98,89.98,high,low,6,namecheap,,,23/09/2026 09:07
64a68f25-3de2-4c41-bd0d-9c8b65a8923b,rhone.plumbing,available,58.16,58.16,high,low,5,spaceship,,,30/09/2026 18:30
3db60579-0ee5-441a-811a-45858da7c2ad,concussion.plumbing,available,72.99,72.99,high,low,10,namesilo,,,29/09/2026 10:35
dad3dce3-5974-4cf5-8a75-9f4c678a42ae,nahuatl.plumbing,available,58.16,58.16,medium,low,7,spaceship,,,01/10/2026 03:02
223a1dff-c34d-457a-88d0-6a3422681b34,awhile.plumbing,available,76.98,89.98,medium,low,6,namecheap,,,28/09/2026 13:12
90810ee4-b81f-40ed-8142-ec0398b5d4af,formations.plumbing,available,58.16,58.16,medium,low,10,spaceship,,,01/10/2026 15:37
384d3f0e-bd1f-4792-b290-08b68327d510,vacations.plumbing,available,72.99,72.99,medium,low,9,namesilo,,,20/09/2026 00:12
46249e2b-6cc8-428a-aa89-2921ec0c823d,bmus.plumbing,available,72.99,72.99,medium,low,4,namesilo,,,21/09/2026 14:14
c269fca2-dd8d-4422-9371-ca82ee53e857,barcelona.plumbing,available,76.98,89.98,high,low,9,namecheap,,,22/09/2026 05:08
0c0c4ad4-161c-4cc7-95a4-32a475b24da8,chanukkah.plumbing,available,72.99,72.99,medium,low,9,namesilo,,,29/09/2026 08:11
a1f68a3b-173c-4caf-890a-828c66e6f95d,wolverine.plumbing,available,72.99,72.99,high,low,9,namesilo,,,24/09/2026 12:48
90d86388-4efa-4d30-b562-965a365710d0,mere.plumbing,available,76.98,89.98,high,low,4,namecheap,,,25/09/2026 19:33
cfa49c93-9c33-45b1-b4f2-5cf4e872bf8b,jumped.plumbing,available,72.99,72.99,medium,low,6,namesilo,,,25/09/2026 19:41
99d612d4-8e29-42c3-8f72-9be80efe2513,positioning.plumbing,available,58.16,58.16,high,low,11,spaceship,,,29/09/2026 14:53
c2365386-b9ed-4462-a72d-f0c29a1715fa,binge.plumbing,available,72.99,72.99,high,low,5,namesilo,,,23/09/2026 17:18
8055f7f1-ac04-4d3f-b365-b948bf947a62,achilles.plumbing,available,72.99,72.99,high,low,8,namesilo,,,17/09/2026 00:40
d99efb03-ac12-4463-9e24-3b4996805f00,sublimate.plumbing,available,72.99,72.99,medium,low,9,namesilo,,,11/09/2026 00:01
43a42f69-49e7-4cb1-bfea-543248a401bd,napped.plumbing,available,14.99,94.99,medium,low,6,name.com,,,18/08/2026 07:44
12f8feb8-9101-44fa-93bd-528e874584e5,surprised.plumbing,available,72.99,72.99,high,low,9,namesilo,,,28/09/2026 02:04
188a06bb-50e9-4f3e-b03c-a591a696f5f0,targeted.plumbing,available,56.2,56.2,medium,low,8,cloudflare,,,28/09/2026 21:29
8313fc62-09cb-4b73-be4d-0d62a2584e8f,credit.plumbing,available,72.99,72.99,high,low,6,namesilo,,,29/09/2026 09:26
a1eaa30a-00d0-4c3d-85ee-c7127aaa6f64,backhand.plumbing,available,14.99,94.99,high,low,8,name.com,,,08/08/2026 05:43
0286165e-9de1-4b6e-9e0c-f8b92da220e0,sublingual.plumbing,available,72.99,72.99,medium,low,10,namesilo,,,11/09/2026 00:14
f17c3037-4721-43b4-980b-34d1ee3f7b2a,replaces.plumbing,available,72.99,72.99,high,low,8,namesilo,,,20/09/2026 05:35
54e41a5d-1001-4fa2-9678-c724c3bb2274,gibbous.plumbing,available,14.99,94.99,medium,low,7,name.com,,,13/08/2026 07:44
a8188aff-2234-4ed7-9d96-b53ec123bdc9,tim.plumbing,available,72.99,72.99,high,medium,3,namesilo,,,25/09/2026 11:26
3289a178-4898-45c8-ae71-41d29560895d,killingly.plumbing,available,72.99,72.99,low,low,9,namesilo,,,15/09/2026 10:22
a8daebe8-e478-4d65-930f-535bebe26c73,mirish.plumbing,available,72.99,72.99,medium,low,6,namesilo,,,16/09/2026 16:36
8d5e77fe-cb50-4b48-8675-b0a2377efd3d,lion.plumbing,available,123.99,123.99,high,medium,4,godaddy,,,30/09/2026 01:36
4b74d73b-27ac-499f-8029-b28c1d4a76e3,inglis.plumbing,available,58.16,58.16,medium,low,6,spaceship,,,29/09/2026 14:51
8be461a9-bf5b-4fcd-aa99-8a1155ee303b,bradley.plumbing,available,14.99,94.99,high,low,7,name.com,,,25/09/2026 02:09
1175a8dc-2cf2-43cf-8848-169b23bc386d,promotive.plumbing,available,72.99,72.99,high,low,9,namesilo,,,09/09/2026 03:13
620b0f5a-3a93-4f91-a6ab-1173fcc5e814,option.plumbing,available,72.99,72.99,high,low,6,namesilo,,,22/09/2026 02:42
9245abe3-7895-4048-9d17-537c79405333,sousaphone.plumbing,available,76.98,89.98,medium,low,10,namecheap,,,22/09/2026 11:51
fbc1e0b1-1932-496c-aa95-faf7e50da472,turkic.plumbing,available,14.99,94.99,medium,low,6,name.com,,,11/09/2026 21:14
71b3dbfd-ef4a-472f-bca7-640577b9c0cb,progressively.plumbing,available,58.16,58.16,medium,low,13,spaceship,,,30/09/2026 12:19
44256479-c7c1-48bf-aca5-2f633a6de848,pugnacious.plumbing,available,14.99,94.99,medium,low,10,name.com,,,21/08/2026 00:21
2c145e5c-2095-4769-baea-60b75b4ee467,purposive.plumbing,available,14.99,94.99,medium,low,9,name.com,,,20/08/2026 15:51
78b138d8-4064-45ab-b2d9-855d0bd856cb,decree.plumbing,available,8.24,58.19,high,low,6,porkbun,,,29/09/2026 18:35
12107f24-5a6c-4de8-ac1f-4d5219b32436,tapped.plumbing,available,72.99,72.99,high,low,6,namesilo,,,11/09/2026 08:19
c744ffbe-a387-43ff-b38a-ca5aefc138a6,shifted.plumbing,available,58.16,58.16,medium,low,7,spaceship,,,29/09/2026 17:17
87e7a391-f617-4424-849b-662a1ad15922,heartily.plumbing,available,72.99,72.99,high,low,8,namesilo,,,14/09/2026 08:41
20a7313c-f79b-424f-a213-0a4b0dd1e9b9,donna.plumbing,available,58.16,58.16,high,low,5,spaceship,,,01/10/2026 01:47
8f05127f-df8e-46cd-aaa7-121a5986d1a7,layers.plumbing,available,58.16,58.16,medium,low,6,spaceship,,,29/09/2026 04:54
0c7494e3-25af-446b-88c5-e6b828117019,sunbeam.plumbing,available,72.99,72.99,high,low,7,namesilo,,,30/09/2026 12:18
fdfc8114-34c1-4d8d-b412-0bf18faba9b4,labored.plumbing,available,14.99,94.99,medium,low,7,name.com,,,22/08/2026 17:34
3ff56b1d-53b6-4192-967d-fa731e0f599f,sheriff.plumbing,available,58.16,58.16,high,low,7,spaceship,,,27/09/2026 15:50
81f8f5a7-2740-4f42-8c68-66f72178998c,shallot.plumbing,available,72.99,72.99,medium,low,7,namesilo,,,18/09/2026 11:16
3ebd9a02-e81c-4152-8cac-19861c309dcc,pretender.plumbing,available,76.98,89.98,high,low,9,namecheap,,,08/09/2026 19:12
7769fe36-975e-4a9b-9db0-987fa42ecc39,westport.plumbing,premium,242,242,medium,low,8,namesilo,,,28/09/2026 08:11
02c2ec57-20f4-4a02-9281-9145d8bff7b4,maple.plumbing,available,76.98,89.98,high,medium,5,namecheap,,,28/09/2026 06:21
d14db186-f006-45d2-a7eb-2d0ba803bac8,dishy.plumbing,available,14.99,94.99,medium,low,5,name.com,,,14/08/2026 11:03
4de5cc39-9e13-4a08-9604-454d650c75bc,mansard.plumbing,available,14.99,94.99,medium,low,7,name.com,,,24/08/2026 15:30
b68122f5-c9f6-40b7-9414-8d971ee87be5,devour.plumbing,available,58.16,58.16,high,low,6,spaceship,,,30/09/2026 17:52
02edd180-aad2-4353-9f10-a3203c54ac78,relate.plumbing,available,14.99,94.99,high,low,6,name.com,,,07/08/2026 07:03
ea2405c4-e670-46d5-82fe-90cb8877740f,aimee.plumbing,available,58.16,58.16,medium,low,5,spaceship,,,02/10/2026 02:35
c7ac033b-a989-4e7d-bb6d-d8448c2a885d,recommend.plumbing,available,56.2,56.2,high,low,9,cloudflare,,,28/09/2026 19:07
2a152f14-857f-4008-b7bb-67b39edb5c16,bromide.plumbing,available,14.99,94.99,medium,low,7,name.com,,,12/08/2026 19:15
0d2326c3-ec51-4a52-917b-ed1a941c6e13,released.plumbing,available,14.99,,medium,low,8,name.com,,,
458d0206-51f8-43ea-852a-14c83f9c0347,typo.plumbing,available,14.99,94.99,high,low,4,name.com,,,24/08/2026 07:23
4592fd2c-1653-4cc6-8870-f2ec5de72960,dig.plumbing,available,76.98,89.98,high,low,3,namecheap,,,24/09/2026 23:51
f211b0d6-06c2-4f7c-8aa1-dff839d03676,spotlessly.plumbing,available,72.99,72.99,medium,low,10,namesilo,,,16/09/2026 06:37
b86c58d2-721a-45ea-a490-2b4caf640b86,alleviate.plumbing,available,8.24,58.19,high,low,9,porkbun,,,01/10/2026 22:08
727c6f68-9308-4ead-bf44-2edec71531a5,sudsy.plumbing,available,14.99,94.99,medium,low,5,name.com,,,22/08/2026 20:37
3dc5862a-0c26-41b8-83ea-56ca03394b41,childless.plumbing,available,14.99,94.99,medium,low,9,name.com,,,12/08/2026 05:10
d54b2850-a6ca-4556-98e2-f5156548e397,basting.plumbing,available,72.99,72.99,medium,low,7,namesilo,,,22/09/2026 12:43
8fa4b33c-aa77-4baf-b06e-d13f29c8357c,boarded.plumbing,available,76.98,89.98,high,low,7,namecheap,,,01/10/2026 23:19
2e529673-b03c-4869-8ecc-fa81b552ad6c,bred.plumbing,available,58.16,58.16,high,low,4,spaceship,,,29/09/2026 14:17
9f1ef252-7cd1-44bd-a3ec-7177cf7086c0,elected.plumbing,available,14.99,94.99,high,low,7,name.com,,,16/08/2026 02:35
2ecdfd90-51c8-4e00-96ae-3b22b4cb32af,asymptotic.plumbing,available,14.99,94.99,medium,low,10,name.com,,,07/08/2026 10:30
c75b8813-ef18-4304-87e7-f0e398e3029f,rostrum.plumbing,available,72.99,72.99,medium,low,7,namesilo,,,18/09/2026 17:15
4be00cb3-3123-46aa-ab03-5275dd50103b,rakes.plumbing,available,72.99,72.99,medium,low,5,namesilo,,,20/09/2026 22:29
ae446ef3-0cd3-4cf2-a398-3f19b3140c82,communism.plumbing,available,72.99,72.99,high,low,9,namesilo,,,24/09/2026 16:38
0b7656ac-8aa1-47c1-9be4-fa61932cbfab,geraldine.plumbing,available,58.16,58.16,medium,low,9,spaceship,,,28/09/2026 11:54
36c2cd35-7520-4fbe-8583-23922779933d,reece.plumbing,premium,,,high,medium,5,"CSC Corporate Domains, Inc.",03/02/2014 05:58,03/02/2027 05:58,29/09/2026 22:09
3699ef33-0475-49e4-96be-a763d78d96ef,poetic.plumbing,available,72.99,72.99,high,low,6,namesilo,,,08/09/2026 22:33
bd75e479-6535-4424-b96a-8854ab0a2f93,slovaks.plumbing,available,72.99,72.99,medium,low,7,namesilo,,,02/10/2026 03:51
f414dd6c-962e-4066-85c0-30c3a573ced0,insular.plumbing,available,14.99,94.99,medium,low,7,name.com,,,22/08/2026 07:38
90bc3e03-5e0f-4e1e-8a31-dc346196f7ba,delightful.plumbing,available,72.99,72.99,high,low,10,namesilo,,,24/09/2026 05:38
dd6a9b65-d09a-4f9a-bd71-c4a6f45c3b69,sheboygan.plumbing,available,58.16,58.16,medium,low,9,spaceship,,,30/09/2026 05:39
8b40f414-2f00-45f2-a790-c87dc41b1a59,solidus.plumbing,available,72.99,72.99,high,low,7,namesilo,,,23/09/2026 12:18
8d0ae7ff-d4a5-44c2-8eba-0fbb39238aa7,barren.plumbing,available,14.99,94.99,medium,low,6,name.com,,,08/08/2026 20:57
41b354e9-c1c1-4200-a6f9-d6f642e71d3c,portion.plumbing,available,76.98,89.98,high,low,7,namecheap,,,15/09/2026 19:05
e1719679-e954-40e5-88d0-3768e204ecf1,amour.plumbing,available,76.98,89.98,high,low,5,namecheap,,,17/09/2026 14:07
ffaece5d-ad9c-4f61-ac69-b40f408bc011,springless.plumbing,available,72.99,72.99,low,low,10,namesilo,,,10/09/2026 16:51
8eda1613-0dfe-42bf-a677-f7748a6e3cb4,algernon.plumbing,available,58.16,58.16,medium,low,8,spaceship,,,30/09/2026 21:13
309824ca-ce70-457b-a616-f07a265b70e0,swine.plumbing,available,72.99,72.99,high,low,5,namesilo,,,29/09/2026 02:16
05af213b-2ac0-4d18-a454-07168922d6e3,quantized.plumbing,available,72.99,72.99,medium,low,9,namesilo,,,09/09/2026 07:30
560b6a93-e2ee-469f-ab85-0e981c3b9b3d,injected.plumbing,available,72.99,72.99,medium,low,8,namesilo,,,29/09/2026 10:57
54187247-1012-4261-926c-eed1e5421cc2,homeless.plumbing,available,14.99,94.99,high,low,8,name.com,,,14/08/2026 12:07
14d8a0c5-ffca-4d55-8f4b-4acf3fc97cf0,classrooms.plumbing,available,56.2,56.2,medium,low,10,cloudflare,,,01/10/2026 18:38
e0865dc2-cda7-4a7c-a7e0-77e9838b82a3,directly.plumbing,available,72.99,72.99,high,low,8,namesilo,,,24/09/2026 10:41
ab427bf7-a4eb-4c24-b565-496881040ca3,heracles.plumbing,available,72.99,72.99,high,low,8,namesilo,,,18/09/2026 04:03
9f08a12d-ac23-4ef1-b94d-b5961c9dd88a,bridges.plumbing,available,58.16,58.16,high,low,7,spaceship,,,29/09/2026 04:06
bf97d05c-2170-4bf7-aa1c-5b3257a46003,avulsion.plumbing,available,76.98,89.98,medium,low,8,namecheap,,,21/09/2026 09:54
d4749939-69ed-44d0-9811-d5f53749760d,mallard.plumbing,available,72.99,72.99,medium,low,7,namesilo,,,19/09/2026 03:01
78d46c08-f9c5-40b7-b2a3-22f4c9c41c5b,incased.plumbing,available,14.99,94.99,medium,low,7,name.com,,,11/08/2026 20:08
6d7d7da6-4c26-4c6e-8cf4-192ff3f76c53,delegation.plumbing,available,76.98,89.98,high,low,10,namecheap,,,24/09/2026 21:32
274df71b-ccc0-4a4b-825d-8c3ff4d9e809,cinema.plumbing,available,8.24,60.14,high,low,6,dynadot,,,01/10/2026 03:10
f261a2c4-cb29-404e-b1cc-f35bbf527921,gallican.plumbing,available,14.99,94.99,medium,low,8,name.com,,,18/08/2026 19:40
d83bed8a-79b3-4247-b5f3-985c8f06e357,except.plumbing,available,58.16,58.16,high,low,6,spaceship,,,29/09/2026 13:57
c0c2808f-5227-431a-b0f7-99b0bb8110b8,catechetic.plumbing,available,14.99,94.99,medium,low,10,name.com,,,11/08/2026 21:25
00e8c4ea-e81a-4826-8b4e-b70aa48529c5,dense.plumbing,available,72.99,72.99,high,low,5,namesilo,,,08/09/2026 15:39
7541bcb7-b551-4591-a0dc-47677a273537,vermicular.plumbing,available,72.99,72.99,medium,low,10,namesilo,,,13/09/2026 02:27
67827edc-d7eb-4601-ba5f-e37e3c5c0649,checker.plumbing,available,72.99,72.99,high,low,7,namesilo,,,24/09/2026 13:59
5c218fa5-2986-42b9-964e-0658f5682a5f,asocial.plumbing,available,14.99,94.99,medium,low,7,name.com,,,07/08/2026 04:36
ed9829b7-dfb7-4768-bf75-6190893adbe5,wary.plumbing,available,14.99,94.99,medium,low,4,name.com,,,22/08/2026 22:32
5b529c12-5358-41ac-9fb8-ae2644ae16d0,simulation.plumbing,available,58.16,58.16,high,low,10,spaceship,,,01/10/2026 18:52
e64535d3-9a23-43f8-ac71-de2d89719f85,relativity.plumbing,available,58.16,58.16,high,low,10,spaceship,,,29/09/2026 12:09
a8db40c1-0bae-4a6d-b15c-4896d120f34d,untwisted.plumbing,available,72.99,72.99,medium,low,9,namesilo,,,12/09/2026 21:56
bbf4b8e5-0706-4e41-9ef4-c973d6169536,silla.plumbing,available,58.16,58.16,medium,low,5,spaceship,,,30/09/2026 21:36
528796f7-a62b-4ff8-9df3-0ad38c68e7f9,cough.plumbing,available,76.98,89.98,high,low,5,namecheap,,,24/09/2026 18:37
05936466-7707-47c1-a7c7-4e3d536d7cb8,cadge.plumbing,available,14.99,94.99,medium,low,5,name.com,,,11/08/2026 09:28
9bf72a21-b6f5-4355-add5-4c5fc2f07dce,sweeping.plumbing,available,72.99,72.99,high,low,8,namesilo,,,11/09/2026 05:31
8bf01eca-19bd-4372-8ddf-e1e69e3a6858,cretaceous.plumbing,available,14.99,94.99,medium,low,10,name.com,,,13/08/2026 06:22
5519d0f7-f612-43b2-8687-321ff03c7a62,humiliation.plumbing,available,58.16,58.16,medium,low,11,spaceship,,,28/09/2026 12:26
fef1e9ad-179f-4961-b90e-0369b3feeb40,truth.plumbing,available,58.16,58.16,high,medium,5,spaceship,,,28/09/2026 17:29
08ab237a-3dcd-416d-bd77-4c0d548fbd7a,technological.plumbing,available,56.2,56.2,medium,low,13,cloudflare,,,29/09/2026 02:31
5965fd91-16bd-4640-ba84-cfcb354e853f,mcdonald.plumbing,available,14.99,,high,low,8,name.com,,,
70fc6127-83d3-4637-97b0-f0574df367e6,buttonlike.plumbing,available,14.99,94.99,medium,low,10,name.com,,,09/08/2026 03:39
af4ee0df-9cfe-4ae6-8a66-d48f98db5ceb,readily.plumbing,available,72.99,72.99,medium,low,7,namesilo,,,15/09/2026 21:42
0c57bcfa-6d92-4bb4-9f6b-838c82e13e33,ancillary.plumbing,available,14.99,94.99,high,low,9,name.com,,,
43fb38f7-6316-4ba0-a9a7-8e8fea251adb,japanese.plumbing,available,14.99,94.99,high,low,8,name.com,,,22/08/2026 12:22
322a834b-ef11-43aa-850c-cff306eac1ea,armagh.plumbing,available,72.99,72.99,medium,low,6,namesilo,,,29/09/2026 10:03
b494887d-1d4e-4ebb-8aa8-e12c7e8cc963,aditi.plumbing,available,72.99,72.99,medium,low,5,namesilo,,,17/09/2026 08:22
33a341f6-b409-45db-8e74-0e09fb44e76c,socialist.plumbing,available,72.99,72.99,high,low,9,namesilo,,,10/09/2026 13:19
d7123705-b4bf-4d6d-afb1-12cd2a489120,enactment.plumbing,available,72.99,72.99,medium,low,9,namesilo,,,17/09/2026 04:06
a37c08de-969a-412b-8330-b411ef289a61,winged.plumbing,available,14.99,94.99,high,low,6,name.com,,,13/09/2026 12:29
88375d17-3df8-4da4-814a-081dc3b35e5e,littler.plumbing,available,14.99,94.99,medium,low,7,name.com,,,24/08/2026 07:33
c397eb38-a2c3-48c7-bed5-cc6288692d9e,blackbuck.plumbing,available,72.99,72.99,medium,low,9,namesilo,,,19/09/2026 14:39
4adc797d-b30d-40a5-b88d-f969ed719ddb,mattered.plumbing,available,58.16,58.16,medium,low,8,spaceship,,,01/10/2026 18:12
1f902433-90e2-4ab6-a0aa-d1b19c8f2da2,naughty.plumbing,available,14.99,94.99,high,low,7,name.com,,,18/08/2026 20:00
9014ad33-12d7-4d50-a560-824ec2f876f8,reptiles.plumbing,available,8.24,60.14,medium,low,8,dynadot,,,30/09/2026 14:47
df23e00a-ed5b-4c6f-82a8-44b05275d79c,diderot.plumbing,available,72.99,72.99,high,low,7,namesilo,,,01/10/2026 01:42
c5d6103e-177d-47cd-8b7b-79f572956c5a,santiago.plumbing,available,72.99,72.99,medium,low,8,namesilo,,,28/09/2026 13:37
6a5721ef-9b1f-4f88-b5dc-afab0f860d60,hosting.plumbing,available,56.2,56.2,high,medium,7,cloudflare,,,28/09/2026 02:41
dc8524b3-cffb-46b5-9d1e-49f6d8530b88,ahriman.plumbing,available,76.98,89.98,medium,low,7,namecheap,,,17/09/2026 20:33
ce3e47e8-9e40-4fbc-b751-e1c75db2858f,keyboards.plumbing,available,76.98,89.98,medium,low,9,namecheap,,,20/09/2026 13:46
1c1461c4-9aad-44de-89ee-bbdd5a469dcc,techy.plumbing,available,14.99,94.99,medium,low,5,name.com,,,22/08/2026 10:32
45923e0d-9dfd-464a-9e19-40eb00964224,plaintiffs.plumbing,available,58.16,58.16,low,low,10,spaceship,,,01/10/2026 00:55
3d37a30e-b3a6-45e7-a547-68eb1c290700,haight.plumbing,available,56.2,56.2,medium,low,6,cloudflare,,,02/10/2026 04:03
43ec6251-b6e4-4951-a0d8-7b1f84b7da8b,kiosks.plumbing,available,56.2,56.2,medium,low,6,cloudflare,,,02/10/2026 03:27
2232680d-63e6-41c8-9800-5a5127749382,inspected.plumbing,available,72.99,72.99,medium,low,9,namesilo,,,01/10/2026 16:29
69370131-7c1b-4b26-9c01-ca083f45e0d5,epileptic.plumbing,available,14.99,94.99,high,low,9,name.com,,,17/08/2026 10:58
182862a2-502f-4b20-91ca-d72bf7521c9b,nighted.plumbing,available,14.99,94.99,low,low,7,name.com,,,09/08/2026 14:33
82ccb763-1a10-4b09-ba69-8da9387edcef,arginine.plumbing,available,72.99,72.99,medium,low,8,namesilo,,,20/09/2026 04:24
4175cdcc-59ed-4224-bfc2-ed282c9ddfb2,monogenic.plumbing,available,14.99,94.99,medium,low,9,name.com,,,25/08/2026 05:13
d95bb7b8-b1d9-44a1-8c71-12c0ef278507,rollers.plumbing,available,56.2,56.2,medium,low,7,cloudflare,,,30/09/2026 16:24
745883bc-74b6-45ec-a989-fd10fa38ab31,birchbark.plumbing,available,76.98,89.98,medium,low,9,namecheap,,,23/09/2026 19:23
5598c15c-10a5-4883-bc9c-ea7927cf1447,taken.plumbing,available,72.99,72.99,high,low,5,namesilo,,,25/09/2026 10:20
b939007a-9bf6-451f-83e1-1cb51b8f3b83,nearby.plumbing,available,72.99,72.99,high,low,6,namesilo,,,03/09/2026 14:32
61577bbe-0ab1-4a7f-bad5-0a28da26d84c,crusty.plumbing,available,14.99,94.99,medium,low,6,name.com,,,13/08/2026 09:26
00b76f25-4f2f-46bc-9573-db92bb3046be,bohme.plumbing,available,72.99,72.99,medium,low,5,namesilo,,,23/09/2026 03:34
ac000b18-4fda-4c3c-abe5-65638b1b2043,salah.plumbing,available,58.16,58.16,high,low,5,spaceship,,,30/09/2026 18:35
bbbd0095-577c-4ce3-b79d-af3730bb28f5,oberlin.plumbing,available,8.24,60.14,medium,low,7,dynadot,,,28/09/2026 04:20
176ea752-d3ef-4990-9113-6a0d8dff6fac,asker.plumbing,available,72.99,72.99,medium,low,5,namesilo,,,20/09/2026 14:27
8ded8606-7dd1-4255-8052-bc077ada41cb,calendars.plumbing,available,76.98,89.98,medium,low,9,namecheap,,,16/09/2026 19:52
05d36069-4912-4882-b207-8a7cce18fae8,elderberry.plumbing,available,72.99,72.99,medium,low,10,namesilo,,,24/09/2026 00:39
4ba7e1f7-c0dd-4e5a-8f15-5aacd0ef446e,dividable.plumbing,available,14.99,94.99,medium,low,9,name.com,,,14/08/2026 13:41
21f179e8-12b0-4620-a575-4857119b2d93,iras.plumbing,available,72.99,72.99,high,low,4,namesilo,,,30/09/2026 22:23
a02a1539-c78e-470d-8e64-d9d7ce01a0c6,turds.plumbing,available,72.99,72.99,low,low,5,namesilo,,,18/09/2026 11:32
870e2b28-8407-4f72-a9d4-c44782f9f190,fleer.plumbing,available,14.99,94.99,low,low,5,name.com,,,18/08/2026 17:47
64bca6ec-9cff-4fad-9eda-c51b044d18ed,inhuman.plumbing,available,14.99,94.99,medium,low,7,name.com,,,12/08/2026 16:25
70442e79-b1b4-466d-be49-799fe77bef7a,heterosexual.plumbing,available,76.98,89.98,high,low,12,namecheap,,,29/09/2026 08:29
e70707ca-8332-4936-989f-837166fda42c,priests.plumbing,available,76.98,89.98,medium,low,7,namecheap,,,18/09/2026 03:38
3864e4d6-fa32-45d0-a5c2-65a958fc2c9c,wanda.plumbing,available,72.99,72.99,medium,low,5,namesilo,,,28/09/2026 07:42
cfef1d25-9b25-4445-aadc-cd9760a84666,springtime.plumbing,available,14.99,,high,low,11,name.com,,,
68a94692-b8f1-4d20-95ad-ccf8b3c5776e,proverbs.plumbing,available,72.99,72.99,high,low,8,namesilo,,,24/09/2026 07:04
677b6af9-3077-4f13-acf0-07dab63a1670,knobby.plumbing,available,14.99,94.99,medium,low,6,name.com,,,22/08/2026 16:29
5491c74a-1368-49a9-81a2-f825c46e19a5,breast.plumbing,available,72.99,72.99,high,low,6,namesilo,,,24/09/2026 08:29
28d7f554-de2a-495b-9cda-0add5729c4bd,pigs.plumbing,available,72.99,72.99,high,low,4,namesilo,,,25/09/2026 15:51
94bf56ad-e461-489c-9e96-3a9151f63f03,organization.plumbing,available,8.24,58.19,high,low,12,porkbun,,,30/09/2026 13:36
9e2f922a-de36-4ba3-a40b-ab0b49f8a070,aeriferous.plumbing,available,14.99,94.99,medium,low,10,name.com,,,
3f293972-2808-4630-bea0-fae7fcaaecf2,mom.plumbing,available,72.99,72.99,high,low,3,namesilo,,,30/09/2026 03:39
849beff9-56d5-44a7-a4c8-b3b18949ed60,methodist.plumbing,available,14.99,94.99,high,low,9,name.com,,,24/08/2026 21:58
8498ad05-23cf-4220-bfe5-d1ae4260c287,skilled.plumbing,available,8.24,60.14,high,low,7,dynadot,,,27/09/2026 22:20
05b753c3-5418-4883-a8d4-9be3edc1eb8a,snugly.plumbing,available,72.99,72.99,high,low,6,namesilo,,,16/09/2026 03:31
f83c5500-6709-4dcd-b1e1-b6254403e2d0,snaps.plumbing,available,72.99,72.99,medium,low,5,namesilo,,,18/09/2026 11:55
0a9a8372-2f2a-48b9-8b48-6b7637860ad7,antipathy.plumbing,available,72.99,72.99,medium,low,9,namesilo,,,19/09/2026 14:53
f2a80e77-6cdc-4bf9-a509-b268fed39f36,discipline.plumbing,available,72.99,72.99,high,low,10,namesilo,,,19/09/2026 11:34
80df68f0-60db-4dd8-b8e0-5442e8ed1110,unconfined.plumbing,available,72.99,72.99,medium,low,10,namesilo,,,12/09/2026 06:03
707bf2ef-13b2-426a-874a-89f3439cae31,xoxoxo.plumbing,available,56.2,56.2,high,low,6,cloudflare,,,02/10/2026 03:06
4f2b9e6f-1e7a-4a69-9c34-b2a4dfa60ef9,motors.plumbing,available,72.99,72.99,medium,low,6,namesilo,,,21/09/2026 01:16
6ebe7a50-49cc-4e68-8c03-edf08848c1d9,vivian.plumbing,available,76.98,89.98,high,low,6,namecheap,,,28/09/2026 03:58
606d013c-ed6c-41ee-87c8-2de6d9e05a55,leave.plumbing,available,56.2,56.2,high,low,5,cloudflare,,,29/09/2026 18:36
b1a5328e-6ab0-4ab3-8f76-3e2ce319571c,droopy.plumbing,available,14.99,94.99,medium,low,6,name.com,,,14/08/2026 19:43
4a14efc3-b113-4eac-9bdd-5ef4d999851a,sot.plumbing,available,14.99,94.99,medium,low,3,name.com,,,14/08/2026 20:22
042ad995-8ccd-4683-9dcf-75de0698d2af,gluttonous.plumbing,available,14.99,94.99,medium,low,10,name.com,,,20/08/2026 15:32
70496fa2-e34b-4ea4-a40a-1213dd79c26c,gaga.plumbing,available,14.99,94.99,medium,low,4,name.com,,,14/08/2026 14:34
1fb7d39a-d594-4ef1-b016-74f0ec86080e,climbed.plumbing,available,8.24,60.14,low,low,7,dynadot,,,28/09/2026 08:46
9d431ad0-6ac7-43c8-91cf-df41b900c78f,matutinal.plumbing,available,14.99,94.99,medium,low,9,name.com,,,24/08/2026 17:33
ffbbc119-e15e-4cbd-8d3b-09512adfe8f3,resident.plumbing,available,76.98,89.98,high,low,8,namecheap,,,03/09/2026 19:51
bc6ed624-807b-40f4-bfd0-a24552af3f9c,supernal.plumbing,available,72.99,72.99,medium,low,8,namesilo,,,11/09/2026 02:23
c52cce30-09e9-46ef-99bf-9093106c9df0,goldfish.plumbing,available,72.99,72.99,high,low,8,namesilo,,,24/09/2026 12:44
f709bc14-55d5-4d64-889f-277a6a90a18c,scouts.plumbing,available,56.2,56.2,high,low,6,cloudflare,,,28/09/2026 04:05
40995d31-83e2-4091-ae08-b56e13bc243c,rehearsal.plumbing,available,72.99,72.99,high,low,9,namesilo,,,27/09/2026 03:47
91dfd52b-fb06-48d5-8ecf-8fe0d10debde,travelable.plumbing,available,76.98,89.98,medium,low,10,namecheap,,,11/09/2026 19:05
a8f6db87-2d2c-4bdb-8021-0cfd81734915,toothless.plumbing,available,72.99,72.99,medium,low,9,namesilo,,,11/09/2026 17:15
cbe78219-fd04-4973-912c-a785148dc880,ghost.plumbing,available,72.99,72.99,high,medium,5,namesilo,,,25/09/2026 06:32
3ebc0a43-aaae-4f0d-ac7c-0ddc2194bb66,provided.plumbing,available,72.99,72.99,medium,low,8,namesilo,,,16/09/2026 09:17
7eb73aa7-c7b6-4113-84c3-73000adf34c6,bakery.plumbing,available,8.24,60.14,high,low,6,dynadot,,,01/10/2026 20:15
e515345c-5cfd-45b5-808c-d3ff442e2df5,incarnate.plumbing,available,14.99,94.99,high,low,9,name.com,,,16/08/2026 09:36
51e5ff03-2638-4344-b2b4-634393ae34ca,karma.plumbing,available,58.16,58.16,high,medium,5,spaceship,,,29/09/2026 07:24
aa8b5dc7-6b2a-4220-8972-cc0bfa3d6403,beret.plumbing,available,72.99,72.99,high,low,5,namesilo,,,23/09/2026 09:15
746e161c-f670-4e51-95ea-bd654b4d8fcd,twiggy.plumbing,available,76.98,89.98,medium,low,6,namecheap,,,11/09/2026 21:34
c90760c1-ea25-4e34-8826-40db7aef35b2,anthropoid.plumbing,available,14.99,94.99,medium,low,10,name.com,,,
8d147f60-6f20-43f6-9c6c-da1ae18191b1,feathery.plumbing,available,14.99,94.99,high,low,8,name.com,,,18/08/2026 00:18
05ccf2b0-de22-4dc0-a2ab-a7a8255dd0c2,ito.plumbing,available,56.2,56.2,medium,low,3,cloudflare,,,28/09/2026 08:05
a3dff831-03a5-441c-bc3c-cfba9cf5caa2,fonda.plumbing,available,72.99,72.99,high,low,5,namesilo,,,29/09/2026 06:57
0512a185-dc5d-4c60-8d0d-39e343150c72,vivaldi.plumbing,available,72.99,72.99,medium,low,7,namesilo,,,19/09/2026 15:40
44fad05f-5fdc-4c96-a5de-9ca65715adb5,braces.plumbing,available,72.99,72.99,high,low,6,namesilo,,,24/09/2026 07:52
b8eee2f4-cad2-4c1d-9820-3de6765782f5,penally.plumbing,available,76.98,89.98,medium,low,7,namecheap,,,15/09/2026 19:29
ae1565a6-b7ab-4e6a-86e7-bd34253d783f,danseuse.plumbing,available,72.99,72.99,medium,low,8,namesilo,,,21/09/2026 22:50
81aea5aa-8fe2-4c01-8ab8-8454a739ec36,pga.plumbing,available,58.16,58.16,high,low,3,spaceship,,,28/09/2026 07:12
f1c514c3-6301-4e37-98d0-0a45752e737b,oldenburg.plumbing,available,56.2,56.2,medium,low,9,cloudflare,,,29/09/2026 06:22
07e1ef07-2087-41cc-aa51-b99dba6172a7,ruggles.plumbing,available,58.16,58.16,medium,low,7,spaceship,,,01/10/2026 10:32
a313365a-feb8-46af-8ea3-c9cd5dfd6d95,adscript.plumbing,available,14.99,94.99,medium,low,8,name.com,,,
0bec5898-aefd-4fca-a753-378240386802,questioner.plumbing,available,72.99,72.99,medium,low,10,namesilo,,,20/09/2026 14:25
b426758b-a5a2-42d4-aba4-92b2388bf1f4,arti.plumbing,available,76.98,89.98,high,low,4,namecheap,,,02/10/2026 01:43
100257c7-851d-417c-91f0-c5c803777596,censored.plumbing,available,14.99,94.99,medium,low,8,name.com,,,11/08/2026 23:47
10d2dfca-3aa7-424e-895c-a5e55f99a76a,sceptical.plumbing,available,14.99,94.99,medium,low,9,name.com,,,14/08/2026 09:36
12a98aa2-d539-459e-ab16-bf3252efc94f,unsaved.plumbing,available,76.98,89.98,medium,low,7,namecheap,,,12/09/2026 17:57
32efdd3e-e6ce-4aa5-af94-44481c223be1,loneliness.plumbing,available,76.98,89.98,high,low,10,namecheap,,,18/09/2026 13:13
5973f021-4dcb-4bed-ae42-2169a4134550,norwood.plumbing,available,72.99,72.99,high,low,7,namesilo,,,25/09/2026 16:11
525d4946-8f42-49b3-93e5-548c0e88d43e,tocsin.plumbing,available,72.99,72.99,medium,low,6,namesilo,,,18/09/2026 01:57
c4f66ba1-9f6d-4333-89ae-9792bf584c57,reasons.plumbing,available,76.98,89.98,medium,low,7,namecheap,,,25/09/2026 20:13
b155c8ed-e7b2-4d15-b6f1-479d8eb9f4f8,syndrome.plumbing,available,58.16,58.16,medium,low,8,spaceship,,,30/09/2026 12:45
b95fe553-cc3b-4255-9365-aba36dad921a,kwh.plumbing,available,76.98,89.98,medium,low,3,namecheap,,,28/09/2026 07:34
195358d7-07ad-429f-8829-3ffc14356f60,insignificant.plumbing,available,72.99,72.99,medium,low,13,namesilo,,,01/10/2026 07:26
c4963c80-d0e3-4764-98d3-7f9d986dc76b,interpreter.plumbing,available,8.24,60.14,high,low,11,dynadot,,,29/09/2026 08:27
2792b8b5-49e1-466d-86b5-6486e77089cb,creeps.plumbing,available,76.98,89.98,medium,low,6,namecheap,,,01/10/2026 01:37
fe49350d-d9f0-43a1-b599-106c3376b98b,avian.plumbing,available,14.99,94.99,high,low,5,name.com,,,07/08/2026 23:17
b78337a5-f73a-48da-b54c-465d722ffbc7,incorrupt.plumbing,available,14.99,94.99,high,low,9,name.com,,,22/08/2026 02:01
e8fcf1bd-4219-413f-9e10-a31edf4f79eb,creations.plumbing,available,58.16,58.16,medium,low,9,spaceship,,,01/10/2026 00:49
b5419760-b5a4-46ed-a8af-4d74fa191633,appro.plumbing,available,72.99,72.99,medium,low,5,namesilo,,,19/09/2026 22:20
61861555-d7b6-4b32-bbb6-75fc8e39c4f0,clxxv.plumbing,available,14.99,94.99,medium,low,5,name.com,,,
452d526c-5d64-44d2-a7cd-a83073a442d1,honourable.plumbing,available,14.99,94.99,high,low,10,name.com,,,21/08/2026 13:34
8f73ccfd-1320-416d-99ea-fee4904e4494,ameboid.plumbing,available,14.99,94.99,medium,low,7,name.com,,,
5dd95071-567b-4eed-99ab-65da91d55062,convertible.plumbing,available,72.99,72.99,medium,low,11,namesilo,,,28/09/2026 15:45
10d9d9b0-ab68-48da-9ef8-1c8558e26de3,acetyl.plumbing,available,72.99,72.99,medium,low,6,namesilo,,,17/09/2026 00:19
18d4430b-ac41-4693-b0e7-93b0c804cc9f,restriction.plumbing,available,14.99,,high,low,11,name.com,,,
eb75ef7f-fecc-46e5-90d9-3aaff77df38f,jiffy.plumbing,available,14.99,94.99,high,low,5,name.com,,,22/08/2026 07:30
9b609da4-e5b5-44ee-95a5-5ad60cb2dbad,syncarpous.plumbing,available,72.99,72.99,medium,low,10,namesilo,,,11/09/2026 06:11
79d8d016-c629-4a56-9ac8-e6ac76c0cd4b,carex.plumbing,available,72.99,72.99,high,low,5,namesilo,,,30/09/2026 08:57
abb42178-5749-41b1-ae49-d757a0c6ffcb,susurrous.plumbing,available,72.99,72.99,medium,low,9,namesilo,,,03/09/2026 11:24
0d9e1813-4a30-41c7-8f61-e549c431f6c4,slicker.plumbing,available,72.99,72.99,medium,low,7,namesilo,,,23/09/2026 02:58
4e77a822-fffb-4b38-b4c6-0a089f8862d6,weaned.plumbing,available,72.99,72.99,medium,low,6,namesilo,,,13/09/2026 08:53
b0866393-29d6-40f1-ab60-86bc75f30bf5,bracelets.plumbing,available,76.98,89.98,medium,low,9,namecheap,,,02/10/2026 03:38
99e801f5-288c-4df6-9ab2-3665676523cf,eject.plumbing,available,8.24,58.19,high,low,5,porkbun,,,01/10/2026 03:53
010ddd86-afa6-4bde-96d6-7b6401e303f7,reel.plumbing,available,72.99,72.99,high,low,4,namesilo,,,24/09/2026 06:24
5af29bdd-046c-4045-9f7e-77781d2eb922,lynchpin.plumbing,available,72.99,72.99,high,low,8,namesilo,,,21/09/2026 15:18
3ac755c7-c2f7-48eb-8ad7-ef2d6661e6a7,undermine.plumbing,available,72.99,72.99,medium,low,9,namesilo,,,29/09/2026 06:16
d87836b1-9e6c-466d-875a-078a76559a25,accipiter.plumbing,available,72.99,72.99,medium,low,9,namesilo,,,16/09/2026 22:29
70f87d68-71c3-4171-bbdb-5993cd194305,bar.plumbing,available,58.16,58.16,high,low,3,spaceship,,,29/09/2026 01:04
47a87058-5967-49fc-b8ff-c4b5546747c8,breathing.plumbing,available,14.99,94.99,high,low,9,name.com,,,11/08/2026 03:18
44eb5577-0ae8-4307-ae1e-fc09d2a59b62,unguided.plumbing,available,72.99,72.99,medium,low,8,namesilo,,,12/09/2026 11:41
bb94bb9f-4b9f-40af-9c2b-4db2452fabb0,interns.plumbing,available,58.16,58.16,medium,low,7,spaceship,,,02/10/2026 03:28
c3d72de4-59b7-4009-8a7f-e3a7720e5c0b,heel.plumbing,available,56.2,56.2,medium,low,4,cloudflare,,,29/09/2026 02:57
949e292b-e8fd-4c2c-9adf-4420081954c1,randall.plumbing,available,8.24,58.19,high,low,7,porkbun,,,28/09/2026 04:02
5b02d914-328f-4b41-aa6d-f757d4a9c36a,clyde.plumbing,available,72.99,72.99,high,low,5,namesilo,,,25/09/2026 04:17
110b33b0-5bed-4289-ac2c-0de4fcb1a9f4,shabby.plumbing,available,14.99,94.99,medium,low,6,name.com,,,25/08/2026 06:58
23910b2f-b5e9-4414-844b-c794d19f0f7b,ayin.plumbing,available,72.99,72.99,high,low,4,namesilo,,,21/09/2026 10:38
4809364f-aca8-4fa7-8f50-697e446d9da2,cogent.plumbing,available,14.99,94.99,medium,low,6,name.com,,,12/08/2026 15:33
31c529a8-ae74-437c-af6c-236205573e0f,chichi.plumbing,available,14.99,94.99,high,low,6,name.com,,,12/08/2026 04:46
f40ad52d-eb5c-4775-b52e-d2e8bdc0d10f,likeness.plumbing,available,72.99,72.99,high,low,8,namesilo,,,18/09/2026 07:48
2565af28-9414-424a-aafe-7ddd8cda0e38,berlin.plumbing,available,58.16,58.16,high,medium,6,spaceship,,,29/09/2026 02:06
efd65db0-2e14-4063-9a79-f46bfc0d5a20,biker.plumbing,available,58.16,58.16,high,low,5,spaceship,,,01/10/2026 22:31
662354d8-cf2f-4636-b07d-949a417e0dab,flowerbed.plumbing,available,72.99,72.99,high,low,9,namesilo,,,22/09/2026 22:58
e67889f6-c220-4728-96e0-192f64a4152f,omissive.plumbing,available,72.99,72.99,medium,low,8,namesilo,,,04/09/2026 02:28
c3249cc3-addc-40ac-9b0a-02d9ba3a4742,charlene.plumbing,available,56.2,56.2,medium,low,8,cloudflare,,,30/09/2026 21:03
7e7635cb-09f1-44b6-b38e-2edb042f6f41,severus.plumbing,available,56.2,56.2,high,low,7,cloudflare,,,30/09/2026 05:41
5a77db19-e678-4c56-958a-4f08f11ec132,stimuli.plumbing,available,8.24,58.19,medium,low,7,porkbun,,,30/09/2026 23:20
80f98584-00cd-4861-ac3d-cc95990e2d34,declan.plumbing,available,58.16,58.16,high,low,6,spaceship,,,02/10/2026 00:13
eddf1dfc-2d4f-4216-88fe-56bbead55e9e,html.plumbing,available,58.16,58.16,high,low,4,spaceship,,,29/09/2026 23:08
4ce47faf-0036-4eec-895d-35c3d72712a3,horowitz.plumbing,available,76.98,89.98,medium,low,8,namecheap,,,28/09/2026 10:06
19bc8a84-f328-4eeb-9fc6-3673e35d5199,prediction.plumbing,available,58.16,58.16,high,low,10,spaceship,,,29/09/2026 00:58
6eaf6fd2-66de-41ea-a042-ef96dd96f794,duvall.plumbing,available,72.99,72.99,medium,low,6,namesilo,,,30/09/2026 05:34
9e19262b-e119-42c0-bc32-ccfbe6b2903c,sotho.plumbing,available,72.99,72.99,medium,low,5,namesilo,,,10/09/2026 14:39
5306a730-3c2d-4257-9d5a-ccf18f82d50f,bergman.plumbing,available,72.99,72.99,high,low,7,namesilo,,,23/09/2026 09:21
09f563a8-3e88-4843-92a2-a5283947679a,alignment.plumbing,available,76.98,89.98,high,low,9,namecheap,,,18/09/2026 07:47
55143b2f-afee-423f-b194-5db7df3e4574,cxx.plumbing,available,14.99,94.99,high,low,3,name.com,,,
92cb1765-ba89-43c8-b4e0-78b0a9ebdae2,saipan.plumbing,available,8.24,58.19,medium,low,6,porkbun,,,29/09/2026 08:00
b63a0933-9324-4a0e-91c1-551da47ca604,devices.plumbing,available,58.16,58.16,high,low,7,spaceship,,,30/09/2026 07:45
99a6c195-13e3-4224-a3b3-526ae10aff61,honeymoons.plumbing,available,72.99,72.99,medium,low,10,namesilo,,,20/09/2026 01:32
1146a333-b574-4349-941f-aa4e84424001,universally.plumbing,available,58.16,58.16,high,low,11,spaceship,,,01/10/2026 18:19
aeef0c54-1fca-4ede-a707-00dbbd512454,hutchins.plumbing,available,58.16,58.16,medium,low,8,spaceship,,,28/09/2026 19:28
56193db7-05b2-476f-800d-5e712792f666,baulk.plumbing,available,14.99,94.99,medium,low,5,name.com,,,14/08/2026 04:57
8ea0fc79-cc13-44d7-8fa3-2aba7790bc98,thanks.plumbing,available,58.16,58.16,high,low,6,spaceship,,,30/09/2026 13:13
a5e811ad-a2b4-4d2a-8ed6-f3c97bd3916f,lorraine.plumbing,available,76.98,89.98,high,low,8,namecheap,,,25/09/2026 09:09
c2602af2-7b88-4337-8101-e318024b11c7,ignores.plumbing,available,58.16,58.16,low,low,7,spaceship,,,02/10/2026 03:56
ed420c15-f6a5-4dbd-9072-57239e08045b,extends.plumbing,available,72.99,72.99,medium,low,7,namesilo,,,18/09/2026 17:32
dc91cb92-4d59-4709-82d8-893f1640a95f,absolver.plumbing,available,76.98,89.98,medium,low,8,namecheap,,,16/09/2026 18:07
1fc94556-79a3-4e69-b989-e4e66a026462,antitrade.plumbing,available,72.99,72.99,medium,low,9,namesilo,,,19/09/2026 15:13
140b6be5-3b28-49ba-b4ac-cd4ccf053918,denham.plumbing,available,58.16,58.16,medium,low,6,spaceship,,,30/09/2026 05:30
966a7a30-b0ab-466e-8889-42c1664a3049,nah.plumbing,available,8.24,58.19,high,low,3,porkbun,,,30/09/2026 11:32
45120b85-0086-41d3-99c1-30c1926a4a55,monogamous.plumbing,available,14.99,94.99,high,low,10,name.com,,,25/08/2026 05:11
6fd10d81-9b2a-463a-ad02-6bda1fe1138f,quest.plumbing,available,58.16,58.16,high,medium,5,spaceship,,,30/09/2026 08:55
628052fe-651b-4f08-bcca-b1f7451656c2,precise.plumbing,available,76.98,89.98,high,low,7,namecheap,,,27/09/2026 04:53
cf6956e6-3caf-4f08-a97c-dedb4eaab40c,slow.plumbing,available,72.99,72.99,high,low,4,namesilo,,,23/09/2026 00:28
9675c657-321d-4315-9500-2fabc6454042,baddie.plumbing,available,72.99,72.99,medium,low,6,namesilo,,,21/09/2026 16:59
68d3aa6b-8284-4b10-9814-3b802bec645d,sunnyvale.plumbing,available,72.99,72.99,high,low,9,namesilo,,,01/10/2026 11:38
f61b3c43-0d1a-4e7d-9cb5-0cd1a7daff41,excellency.plumbing,available,58.16,58.16,medium,low,10,spaceship,,,29/09/2026 00:51
2f226b06-4016-4248-9c8f-238eb151da8b,bricole.plumbing,available,72.99,72.99,medium,low,7,namesilo,,,20/09/2026 00:36
0e3f25bc-7eab-48a2-8ad9-5e909dd7d025,wanting.plumbing,available,58.16,58.16,high,low,7,spaceship,,,28/09/2026 10:19
bcb50bc3-9689-4b04-9e36-b8035ace42a5,allograft.plumbing,available,72.99,72.99,medium,low,9,namesilo,,,18/09/2026 11:54
e9c401bf-f887-4241-aac1-f493ca946c18,cleavage.plumbing,available,72.99,72.99,high,low,8,namesilo,,,24/09/2026 15:29
2b8ef736-65ee-448f-8fea-b9abd7cec82d,criterial.plumbing,available,14.99,94.99,medium,low,9,name.com,,,13/08/2026 07:27
baa6349f-0b22-41eb-ada3-dc677db0acb9,pretend.plumbing,available,72.99,72.99,high,low,7,namesilo,,,25/09/2026 16:18
7b00ddfe-7062-456f-bd61-b7f7b8307813,ryukyu.plumbing,available,58.16,58.16,medium,low,6,spaceship,,,30/09/2026 21:22
42fe5978-b435-4285-ab83-de1de2c37b8e,troopers.plumbing,available,72.99,72.99,medium,low,8,namesilo,,,30/09/2026 16:00
eff287f3-7c35-44e8-bd8f-4f2614b94e43,soppy.plumbing,available,14.99,94.99,medium,low,5,name.com,,,09/08/2026 01:14
7de87611-c7c5-410f-8762-9702ceb55990,intellectual.plumbing,available,76.98,89.98,high,low,12,namecheap,,,28/09/2026 03:23
524f5160-f5a2-4574-adb8-56e1bd4e7dc9,asheville.plumbing,premium,260,260,high,low,9,namecheap,,,20/09/2026 13:49
d0d867a1-3a28-4b31-99e8-7f9a11d662f6,edison.plumbing,available,72.99,72.99,high,low,6,namesilo,,,29/09/2026 00:45
1b45ba52-5845-4f2a-82c8-e5606ba35456,twist.plumbing,available,58.16,58.16,high,low,5,spaceship,,,28/09/2026 10:40
ccf26ee0-2973-4ad4-a8e3-6c9d20f9d645,barra.plumbing,available,8.24,60.14,medium,low,5,dynadot,,,30/09/2026 19:26
3947737c-b8b8-417d-a3a3-57b45f239e09,chips.plumbing,available,58.16,58.16,high,low,5,spaceship,,,29/09/2026 08:44
11973ce0-76b2-4384-b3ed-36d8acd72fc9,assumptions.plumbing,available,8.24,60.14,medium,low,11,dynadot,,,30/09/2026 00:31
1b2332e0-935a-4fc7-b6b6-c0ddb3bb422c,persist.plumbing,available,58.16,58.16,high,low,7,spaceship,,,30/09/2026 03:13
c446b5c5-addf-41b6-aa91-facfe647d086,twists.plumbing,available,58.16,58.16,medium,low,6,spaceship,,,01/10/2026 18:09
f8e3fcfd-1faa-40d6-9254-941dd94d8c16,gimcrack.plumbing,available,14.99,94.99,medium,low,8,name.com,,,18/08/2026 06:39
28c67e96-393e-4df0-a70f-c53b54b5ee65,prosecute.plumbing,available,72.99,72.99,high,low,9,namesilo,,,29/09/2026 20:42
f9aa7a51-1aa7-4cd6-bb62-969b43bc56a1,bracer.plumbing,available,72.99,72.99,medium,low,6,namesilo,,,20/09/2026 06:51
3e59c07d-8425-401d-b564-886780abea99,neo.plumbing,available,72.99,72.99,high,medium,3,namesilo,,,03/09/2026 15:19
3753e2f6-8355-4f2a-8922-7eeceea729db,abelia.plumbing,available,72.99,72.99,medium,low,6,namesilo,,,16/09/2026 15:02
2c3e0592-e4df-436e-8898-01a4ff13155d,crucially.plumbing,available,14.99,94.99,medium,low,9,name.com,,,14/09/2026 09:50
a385a153-1ab0-47d2-988a-ac03b035f2a1,hooved.plumbing,available,14.99,94.99,medium,low,6,name.com,,,21/08/2026 13:42
9c63a6ab-3bbd-40d9-8fc2-bf3a065b3d40,tasted.plumbing,available,58.16,58.16,medium,low,6,spaceship,,,29/09/2026 11:03
b3bbbf08-a431-4451-bdee-8908dfe2b1f2,barye.plumbing,available,76.98,89.98,medium,low,5,namecheap,,,22/09/2026 03:48
4c220287-61b7-465e-9e92-859f7f7bb723,gari.plumbing,available,72.99,72.99,high,low,4,namesilo,,,23/09/2026 22:55
76366b14-67d1-41ce-9117-9dc784d99e59,nadine.plumbing,available,56.2,56.2,medium,low,6,cloudflare,,,29/09/2026 22:08
f02fae48-d219-4be2-a122-c2564367a195,expansive.plumbing,available,14.99,94.99,high,low,9,name.com,,,17/08/2026 18:00
970dee83-9f71-40ab-a24c-e5c2c6aa42f1,conflict.plumbing,available,72.99,72.99,high,low,8,namesilo,,,22/09/2026 14:40
59c22c60-1997-4f1f-b3b9-9fa70739141f,arouet.plumbing,available,72.99,72.99,medium,low,6,namesilo,,,20/09/2026 08:30
a875ec4f-e979-4f26-9b5b-be839e1b3a24,cracked.plumbing,available,76.98,89.98,high,low,7,namecheap,,,22/09/2026 01:30
6634b33e-af03-4f60-bc5b-260a77d0277a,receiver.plumbing,available,56.2,56.2,high,low,8,cloudflare,,,28/09/2026 10:40
944a0d51-36a1-4791-b09e-098e302e9f36,antigen.plumbing,available,72.99,72.99,high,low,7,namesilo,,,19/09/2026 14:24
5ab8b7eb-f218-424c-b165-f0abbf99b541,opinions.plumbing,available,72.99,72.99,medium,low,8,namesilo,,,17/09/2026 07:35
5d1c464d-d6cc-4fde-a11f-8a318069d9f7,gogh.plumbing,available,76.98,89.98,medium,low,4,namecheap,,,28/09/2026 19:21
75626b45-7dce-424a-ae32-f741c6c6aab0,throws.plumbing,available,72.99,72.99,medium,low,6,namesilo,,,19/09/2026 00:51
e8f0500a-c1f5-4b54-9171-e6811fb5fc5d,mirthful.plumbing,available,14.99,94.99,high,low,8,name.com,,,12/08/2026 19:00
5b3f8f1e-275a-4273-90ac-595a82306b19,preventing.plumbing,available,58.16,58.16,medium,low,10,spaceship,,,30/09/2026 06:24
07119423-6014-428e-9c35-643c7a60c698,warwick.plumbing,premium,78.54,78.54,high,low,7,namesilo,,,25/09/2026 05:09
62d818e0-83ec-42bf-99a0-e853f1e32645,uncommitted.plumbing,available,72.99,72.99,medium,low,11,namesilo,,,01/10/2026 06:01
f59237c6-97f2-4a94-92ab-9d62e3420cc7,pao.plumbing,available,72.99,72.99,high,low,3,namesilo,,,29/09/2026 09:17
91b63266-36c0-414b-b869-9cf7e0c2ae4d,ishmael.plumbing,available,76.98,89.98,high,low,7,namecheap,,,04/09/2026 19:10
e71e7606-7723-4c6e-9a3c-4cdb25f3d655,deadline.plumbing,available,56.2,56.2,high,low,8,cloudflare,,,29/09/2026 13:23
f5a2b314-aa3b-4d47-aa18-a5ad222a389f,epicene.plumbing,available,14.99,94.99,medium,low,7,name.com,,,12/08/2026 08:38
b58d3060-7dbe-4e54-9959-6729400f6717,faulty.plumbing,available,14.99,94.99,medium,low,6,name.com,,,13/08/2026 23:08
62c8c7d6-ed51-43aa-9fe9-6d8b28365eba,limply.plumbing,available,72.99,72.99,medium,low,6,namesilo,,,15/09/2026 12:20
0618a498-712c-4bef-9028-8059123ec2eb,unlettered.plumbing,available,14.99,94.99,medium,low,10,name.com,,,21/08/2026 18:33
d17da5f7-2d74-422f-9c3f-ffe140cd2a0e,oldline.plumbing,available,72.99,72.99,medium,low,7,namesilo,,,04/09/2026 01:51
025b1b10-b217-44b0-b791-de99b20f0ab8,cocktail.plumbing,available,56.2,56.2,high,low,8,cloudflare,,,28/09/2026 07:31
344bcd9c-9d33-4e8f-9dfd-2c96ca891dfb,satan.plumbing,available,76.98,89.98,high,low,5,namecheap,,,29/09/2026 01:53
502554af-46a9-4734-ab8f-c143b0fbc6c1,tonsorial.plumbing,available,72.99,72.99,medium,low,9,namesilo,,,11/09/2026 17:12
b052e06b-2ec6-4912-8902-aeaa598ca517,fuels.plumbing,available,76.98,89.98,medium,low,5,namecheap,,,01/10/2026 16:17
b32ff0e0-76c8-4379-a7e4-d91e9411db39,crummy.plumbing,available,14.99,94.99,medium,low,6,name.com,,,11/08/2026 09:02
f85787dd-91ef-4dd6-9c2d-60274f60be14,peggy.plumbing,available,72.99,72.99,high,low,5,namesilo,,,25/09/2026 13:02
f2427b5b-7c9d-4a71-ba77-047be665ed23,comet.plumbing,available,72.99,72.99,high,low,5,namesilo,,,29/09/2026 00:28
f10026d7-c414-4fc4-877b-534d8a5cb6c2,ethically.plumbing,available,72.99,72.99,high,low,9,namesilo,,,14/09/2026 16:20
e6fa795c-1cf7-4e19-aa8f-bc337d28751f,kleenex.plumbing,available,58.16,58.16,high,low,7,spaceship,,,30/09/2026 01:39